variant_id,MII_2025Q2,Auctions_2025Q2,MII_2025Q3,Auctions_2025Q3,Pct_Change,make,Abs_Change
Ford GT40 REPLICA GEN_UNKNOWN,100.0,5,56.93671654494922,1,-43.06328345505078,Ford,-43.06328345505078
Ferrari 458 GEN_UNKNOWN,98.3559200157146,4,35.12759767073519,1,-64.28522282632021,Ferrari,-63.22832234497941
Porsche 911 997,97.70849423299384,11,88.84056330321704,59,-9.075905835403114,Porsche,-8.867930929776804
Lamborghini AVENTADOR GEN_UNKNOWN,96.54189197490626,2,33.321608684867925,1,-65.48481907364207,Lamborghini,-63.22028329003834
Lamborghini MURCIÉLAGO GEN_UNKNOWN,96.18215903136911,1,30.098898753685454,1,-68.70635983138108,Lamborghini,-66.08326027768365
BMW Z8 GEN_OTHER,96.03324888026711,1,91.72658010958263,8,-4.484560109024297,BMW,-4.306668770684482
Mercedes-Benz W113 SL GEN_OTHER,95.7595581592572,2,93.98527378324563,8,-1.8528535533348662,Mercedes-Benz,-1.7742843760115647
Mercedes-Benz W113 SL GEN_OTHER,95.7595581592572,2,80.89297429166554,14,-15.524908587054176,Mercedes-Benz,-14.866583867591658
Mercedes-Benz W113 SL GEN_OTHER,43.004449273876304,1,93.98527378324563,8,118.54779068252921,Mercedes-Benz,50.98082450936933
Mercedes-Benz W113 SL GEN_OTHER,43.004449273876304,1,80.89297429166554,14,88.10373265448416,Mercedes-Benz,37.888525017789235
Mercedes-Benz 600 GEN_OTHER,94.11421046939385,1,91.30460443158721,1,-2.985315420268372,Mercedes-Benz,-2.8096060378066454
Mercedes-Benz 600 GEN_OTHER,65.56517774804412,1,91.30460443158721,1,39.25777000476587,Mercedes-Benz,25.739426683543087
Porsche 992 GT3 GEN_UNKNOWN,93.74307365567905,8,48.58667348717702,1,-48.170385722963125,Porsche,-45.15640016850203
Ford GT 1ST GENERATION GEN_UNKNOWN,93.64432437227676,10,82.75468582670182,3,-11.628722422390394,Ford,-10.88963854557494
Ferrari 308 GEN_UNKNOWN,93.46165518095668,7,38.522942625657095,2,-58.782088171806365,Ferrari,-54.93871255529959
Chevrolet CORVETTE C2 GEN_UNKNOWN,91.58483974948169,32,71.67430579000927,4,-21.739988860530925,Chevrolet,-19.910533959472417
Porsche 911 992,90.68625185723492,9,87.03110573587814,34,-4.030540513584113,Porsche,-3.655146121356779
Ferrari TESTAROSSA GEN_UNKNOWN,90.34178425922073,11,40.4907862365205,1,-55.18044438845826,Ferrari,-49.85099802270023
Ferrari SF90 GEN_UNKNOWN,89.54189850993271,3,85.17196591634988,1,-4.88032157716433,Ferrari,-4.369932593582831
Ferrari 308 GEN_OTHER,89.42195582497307,3,92.53642817422376,16,3.4828944642484596,Ferrari,3.11447234925069
Porsche 997 TURBO GEN_UNKNOWN,89.30161349014126,9,41.37628300016267,3,-53.6668136407966,Porsche,-47.92533048997859
Porsche 996 TURBO GEN_OTHER,89.24695612407274,3,91.12645161252773,25,2.1059491214939405,Porsche,1.8794954884549924
Ferrari 575M GEN_UNKNOWN,89.06165994550386,6,86.30161139360779,1,-3.099031113483545,Ferrari,-2.7600485518960767
Ferrari 360 GEN_UNKNOWN,88.97802352014425,8,39.10295501978611,3,-56.053243854159824,Ferrari,-49.87506850035814
Mercedes-Benz 300SL GULLWING & ROADSTER GEN_UNKNOWN,88.61792115942345,3,74.40204578502798,3,-16.041761292076732,Mercedes-Benz,-14.215875374395466
Porsche 991 GT3 GEN_UNKNOWN,88.55162094276865,7,42.47280788912134,4,-52.03610341975363,Porsche,-46.07881305364731
Mercedes-Benz 300SL GULLWING & ROADSTER GEN_OTHER,88.44423944001835,1,94.49711330235796,5,6.843717466126874,Mercedes-Benz,6.0528738623396094
Mercedes-Benz 300SL GULLWING & ROADSTER GEN_OTHER,88.44423944001835,1,89.35561947910128,1,1.0304572065442583,Mercedes-Benz,0.9113800390829283
Cadillac CADILLAC ELDORADO GEN_OTHER,88.23892266059345,2,72.86566304080108,12,-17.42231110291864,Cadillac,-15.373259619792364
Cadillac CADILLAC ELDORADO GEN_OTHER,88.23892266059345,2,51.26122769346583,25,-41.906330961632946,Cadillac,-36.97769496712762
Cadillac CADILLAC ELDORADO GEN_OTHER,88.23892266059345,2,32.91192959602574,1,-62.701346975166715,Cadillac,-55.3269930645677
Cadillac CADILLAC ELDORADO GEN_OTHER,55.88165509691461,4,72.86566304080108,12,30.392814805558977,Cadillac,16.984007943886468
Cadillac CADILLAC ELDORADO GEN_OTHER,55.88165509691461,4,51.26122769346583,25,-8.268236499859672,Cadillac,-4.620427403448787
Cadillac CADILLAC ELDORADO GEN_OTHER,55.88165509691461,4,32.91192959602574,1,-41.10423261632617,Cadillac,-22.96972550088887
BMW M3 E30,87.70421915813355,3,96.02715088396431,9,9.489773474665158,BMW,8.322931725830756
Porsche 992 GT3 GEN_OTHER,87.68408874134208,3,92.71966625348679,19,5.742863482334958,Porsche,5.035577512144712
Porsche 930 TURBO GEN_OTHER,86.87592611278961,5,85.64464909166368,21,-1.417282181864037,Porsche,-1.2312770211259334
Porsche 930 TURBO GEN_OTHER,86.87592611278961,5,34.75985224816358,1,-59.98908581068198,Porsche,-52.11607386462603
Triumph TRIUMPH TR3 GEN_OTHER,86.8130792092272,2,48.977262397723635,6,-43.583083512469244,Triumph,-37.83581681150356
Mercedes-Benz R129 SL GEN_OTHER,86.72164306202282,1,62.042252429931246,14,-28.458167719955465,Mercedes-Benz,-24.679390632091575
Mercedes-Benz R129 SL GEN_OTHER,86.72164306202282,1,55.6759193659967,28,-35.79927985661249,Mercedes-Benz,-31.045723696026123
Mercedes-Benz R129 SL GEN_OTHER,52.6200375925465,2,62.042252429931246,14,17.906134751069384,Mercedes-Benz,9.422214837384743
Mercedes-Benz R129 SL GEN_OTHER,52.6200375925465,2,55.6759193659967,28,5.807448860285599,Mercedes-Benz,3.0558817734501957
Porsche 356C GEN_UNKNOWN,86.5921188674999,8,45.01270256899832,6,-48.01755268527946,Porsche,-41.579416298501584
Ferrari F430 GEN_UNKNOWN,85.24732979951422,10,27.97255189323115,1,-67.18659463115459,Ferrari,-57.27477790628307
Ferrari 360 360,84.62099717515373,2,89.99220883843898,15,6.347374579110179,Ferrari,5.371211663285251
Ferrari 360 360,84.62099717515373,2,83.03280635731974,6,-1.8768282942195245,Ferrari,-1.5881908178339899
Shelby SHELBY CSX COBRA CONTINUATION GEN_UNKNOWN,84.60121298036687,5,81.91361985535272,3,-3.1767784767315894,Shelby,-2.6875931250141463
Porsche 912 GEN_UNKNOWN,84.14982038374725,6,26.537093220894715,1,-68.46446837333939,Porsche,-57.612727162852536
Porsche 991 TURBO GEN_UNKNOWN,84.11279497072375,5,30.50433429004076,2,-63.73401418814096,Porsche,-53.608460680682995
Chevrolet CORVETTE C2 GEN_OTHER,83.87709128803506,14,75.41574105350233,73,-10.08779644667975,Chevrolet,-8.46135023453273
Porsche 356 REPLICA GEN_UNKNOWN,83.5201612565006,12,93.99273144443379,11,12.538972662864774,Porsche,10.472570187933187
Mazda RX-7 FD GEN_UNKNOWN,83.36249015640149,1,28.111897638830264,1,-66.27752171739616,Mazda,-55.25059251757123
Porsche 911 991,83.20708625626725,4,95.84030970747075,10,15.182869656431404,Porsche,12.633223451203506
Porsche 911 991,83.20708625626725,4,89.40242727957107,24,7.445689185922173,Porsche,6.1953410233038255
Porsche 911 991,77.56847188451299,3,95.84030970747075,10,23.555753232011067,Porsche,18.271837822957764
Porsche 911 991,77.56847188451299,3,89.40242727957107,24,15.256140939165263,Porsche,11.833955395058084
Porsche 356A GEN_UNKNOWN,83.17671784710609,5,40.92404092247193,4,-50.79868263412636,Porsche,-42.25267692463416
Shelby SHELBY MUSTANG GT350 & GT500 GEN_UNKNOWN,83.07980356379332,3,38.30217799881227,2,-53.897124986096394,Shelby,-44.77762556498105
Ford GT 2ND GENERATION GEN_UNKNOWN,82.92940701866883,8,45.16159436878877,1,-45.54212312331846,Ford,-37.76781264988006
Porsche 911 G-Series,82.9268215324541,17,84.28660863643849,78,1.6397434254154117,Porsche,1.359787103984388
Porsche Cayman GEN_OTHER,82.92312902099088,7,76.40251317014612,27,-7.863446456771013,Porsche,-6.520615850844763
Porsche Cayman GEN_OTHER,82.92312902099088,7,75.3359734012335,21,-9.149625332923453,Porsche,-7.587155619757382
Porsche Cayman GEN_OTHER,76.3952583123465,3,76.40251317014612,27,0.009496476561360746,Porsche,0.007254857799622982
Porsche Cayman GEN_OTHER,76.3952583123465,3,75.3359734012335,21,-1.3865846317084862,Porsche,-1.0592849111129965
Porsche 356B GEN_UNKNOWN,82.80291648710008,6,30.60800327815651,1,-63.035114490290994,Porsche,-52.19491320894357
Ferrari 348 GEN_OTHER,82.63090757851081,1,83.56966710874983,6,1.136087642928355,Ferrari,0.938759530239011
Porsche 911 GEN_UNKNOWN,82.53964827478889,212,53.84999178042062,31,-34.75863672068894,Porsche,-28.689656494368265
Porsche 992 TURBO GEN_OTHER,81.99068577826509,1,80.42559037458652,12,-1.9088697561466919,Porsche,-1.5650954036785691
Porsche Cayman GEN_UNKNOWN,81.78578179976628,21,47.08601244360561,2,-42.4276305643383,Porsche,-34.69976935616067
Porsche 997 TURBO GEN_OTHER,81.57938317626575,3,86.847906669777,15,6.4581555883154165,Porsche,5.268523493511253
Porsche 992 TURBO GEN_UNKNOWN,81.36991929151341,4,32.235074188308396,1,-60.384532184646766,Porsche,-49.134845103205016
Jaguar XKE SERIES III GEN_UNKNOWN,81.21370026617853,4,35.56246848297498,3,-56.211244695884176,Jaguar,-45.651231783203556
Porsche 911 964,81.19587645683873,3,93.59666168165991,31,15.27267857181523,Porsche,12.400785224821178
Ferrari 348 GEN_UNKNOWN,81.033705339392,8,25.50380528014834,2,-68.52691707317193,Ferrari,-55.52990005924366
Chevrolet CORVETTE C1 GEN_UNKNOWN,80.88338951918581,30,43.386380264128654,5,-46.359344579844475,Chevrolet,-37.49700925505716
Cord CORD 810/812 GEN_OTHER,80.69237203629667,1,60.80521016786195,2,-24.64565282513838,Cord,-19.887161868434724
BMW E31 8-SERIES GEN_OTHER,80.39278918955745,2,76.55186263774928,16,-4.77770032676896,BMW,-3.8409265518081668
Jaguar XKE SERIES I GEN_OTHER,80.18814934714125,2,80.99588525657983,18,1.0073008493335096,Jaguar,0.807735909438577
Mercedes-Benz SPRINTER GEN_UNKNOWN,80.17815975856223,17,98.97853134626779,1,23.448245313085852,Mercedes-Benz,18.800371587705555
Ferrari F355 GEN_UNKNOWN,80.17145200232238,8,31.777794157751927,3,-60.36270597065973,Ferrari,-48.393657844570455
Pontiac PONTIAC GTO GEN_OTHER,79.9424207367319,1,76.83177533586365,5,-3.8911073397593183,Pontiac,-3.1106454008682505
Pontiac PONTIAC GTO GEN_OTHER,79.9424207367319,1,69.52871836045176,15,-13.026503676408261,Pontiac,-10.413702376280142
Pontiac PONTIAC GTO GEN_OTHER,79.9424207367319,1,53.286441390341665,7,-33.34397320062934,Pontiac,-26.65597934639024
Pontiac PONTIAC GTO GEN_OTHER,43.451123763000695,1,76.83177533586365,5,76.823448237919,Pontiac,33.38065157286296
Pontiac PONTIAC GTO GEN_OTHER,43.451123763000695,1,69.52871836045176,15,60.01592672191494,Pontiac,26.077594597451068
Pontiac PONTIAC GTO GEN_OTHER,43.451123763000695,1,53.286441390341665,7,22.63535847999378,Pontiac,9.83531762734097
Lotus ELITE GEN_UNKNOWN,79.86025173675903,1,49.59265198360918,1,-37.90070666558883,Lotus,-30.267599753149845
Porsche 930 TURBO GEN_UNKNOWN,79.72976125918134,20,38.93731030184193,9,-51.16339283236211,Porsche,-40.79245095733941
Ferrari CALIFORNIA GEN_OTHER,79.50084525502002,1,76.71941851332463,4,-3.4986127918177914,Ferrari,-2.781426741695398
Ferrari CALIFORNIA GEN_OTHER,79.50084525502002,1,64.24862443188114,2,-19.18497944797108,Ferrari,-15.252220823138884
Ferrari CALIFORNIA GEN_OTHER,47.699609515506566,1,76.71941851332463,4,60.83867204066748,Ferrari,29.01980899781806
Ferrari CALIFORNIA GEN_OTHER,47.699609515506566,1,64.24862443188114,2,34.69423562260963,Ferrari,16.549014916374574
Ferrari 550 MARANELLO GEN_OTHER,79.3877094490119,1,88.16324521070526,5,11.054023125997356,Ferrari,8.775535761693362
Porsche 997 GT3 GEN_UNKNOWN,79.21652395710213,6,58.666314170834184,1,-25.941822185225437,Porsche,-20.550209786267942
Jaguar XKE SERIES II GEN_OTHER,79.17937902332625,1,78.23686428702995,6,-1.1903537864557365,Jaguar,-0.9425147362963031
Jaguar XKE SERIES II GEN_OTHER,79.17937902332625,1,61.661615687058735,7,-22.124148423930908,Jaguar,-17.517763336267514
Jaguar XKE SERIES II GEN_OTHER,65.95243643814413,1,78.23686428702995,6,18.626192620506455,Jaguar,12.284427848885812
Jaguar XKE SERIES II GEN_OTHER,65.95243643814413,1,61.661615687058735,7,-6.505932127480535,Jaguar,-4.290820751085398
BMW E91 3-SERIES TOURING GEN_OTHER,79.10505360416914,1,46.22027886813809,3,-41.57101631026251,BMW,-32.884774736031055
Mercedes-Benz SLR MCLAREN R230,79.02849182112062,1,87.09026762404122,3,10.201100409670296,Mercedes-Benz,8.061775802920593
Chevrolet CORVETTE C3 GEN_UNKNOWN,78.88529968747116,37,22.267500166676314,1,-71.7723070649462,Chevrolet,-56.61779952079485
Chevrolet CORVETTE C3 GEN_OTHER,78.52689249772298,3,73.3886812165459,44,-6.543250493868796,Chevrolet,-5.138211281177078
Chevrolet CORVETTE C3 GEN_OTHER,78.52689249772298,3,62.654916227750185,14,-20.212153779589624,Chevrolet,-15.871976269972798
Chevrolet CORVETTE C3 GEN_OTHER,55.090680055074635,3,73.3886812165459,44,33.214331613221326,Chevrolet,18.29800116147127
Chevrolet CORVETTE C3 GEN_OTHER,55.090680055074635,3,62.654916227750185,14,13.730518783056437,Chevrolet,7.56423617267555
Ford GT 1ST GENERATION GEN_OTHER,77.90265136853894,2,84.00553527831951,8,7.833987422211446,Ford,6.102883909780573
Aston Martin DBS GEN_OTHER,77.84947931951922,1,79.8753852403463,1,2.602337149246841,Aston Martin,2.0259059208270855
Aston Martin DBS GEN_OTHER,77.84947931951922,1,45.03679573257762,1,-42.148879958808486,Aston Martin,-32.812683586941596
Ferrari 599 GTB & GTO GEN_OTHER,77.64654976500717,1,88.10997737652447,6,13.475714816929107,Ferrari,10.463427611517304
Chevrolet CORVETTE C8 GEN_UNKNOWN,77.44225932210256,16,56.479272198923134,2,-27.069183294341777,Chevrolet,-20.962987123179424
Toyota TUNDRA (XK30/XK40 2000-2006) GEN_OTHER,77.3950765288209,1,67.89627202304071,7,-12.27313794598156,Toyota,-9.498804505780186
Porsche 928 GEN_OTHER,77.25562738798371,2,69.86054285960267,27,-9.572227653064482,Porsche,-7.395084528381034
Ford MUSTANG 1969-1973 GEN_OTHER,77.09695471903089,3,77.20120027055056,19,0.13521357866802425,Ford,0.10424555151966786
Ford MUSTANG 1969-1973 GEN_OTHER,77.09695471903089,3,75.93261267476383,16,-1.510230914450955,Ford,-1.164342044267059
Ford MUSTANG 1969-1973 GEN_OTHER,61.656151495657234,2,77.20120027055056,19,25.212486342077714,Ford,15.545048774893324
Ford MUSTANG 1969-1973 GEN_OTHER,61.656151495657234,2,75.93261267476383,16,23.15496642717339,Ford,14.276461179106597
Mercedes-Benz W113 SL GEN_UNKNOWN,76.51852632653195,10,46.405885984070686,1,-39.35339817439746,Mercedes-Benz,-30.11264034246127
Lamborghini ESPADA GEN_OTHER,76.45453925553561,1,85.83571052713182,2,12.270260684249669,Lamborghini,9.381171271596216
Ford HOT ROD GEN_UNKNOWN,76.44802641765062,4,76.42039108318258,5,-0.03614917972776324,Ford,-0.027635334468044448
Porsche 991 TURBO GEN_OTHER,75.96779761269141,3,84.11667483068098,3,10.726751958158898,Porsche,8.148877217989565
Porsche 991 TURBO GEN_OTHER,75.96779761269141,3,76.14919717594823,4,0.23878481271979482,Porsche,0.18139956325681794
Acura NSX NA1 GEN_OTHER,75.35615859876484,1,85.93159510827195,11,14.033937910524614,Acura,10.575436509507114
Mercedes-Benz W463 G-CLASS W463,75.17981000548157,2,88.82806392356441,6,18.154147924938506,Mercedes-Benz,13.648253918082844
Mercedes-Benz W463 G-CLASS W463,75.17981000548157,2,81.84699970678156,10,8.868324754763103,Mercedes-Benz,6.667189701299989
Mercedes-Benz W463 G-CLASS W463,75.17981000548157,2,56.02779592972272,4,-25.474943438088527,Mercedes-Benz,-19.15201407575885
Mercedes-Benz W463 G-CLASS W463,58.82484452955896,2,88.82806392356441,6,51.004332665816236,Mercedes-Benz,30.003219394005455
Mercedes-Benz W463 G-CLASS W463,58.82484452955896,2,81.84699970678156,10,39.136788819992844,Mercedes-Benz,23.0221551772226
Mercedes-Benz W463 G-CLASS W463,58.82484452955896,2,56.02779592972272,4,-4.754876314939933,Mercedes-Benz,-2.7970485998362378
Mercedes-Benz W463 G-CLASS W463,43.01183412061823,1,88.82806392356441,6,106.5200560256593,Mercedes-Benz,45.81622980294618
Mercedes-Benz W463 G-CLASS W463,43.01183412061823,1,81.84699970678156,10,90.28948981170564,Mercedes-Benz,38.83516558616333
Mercedes-Benz W463 G-CLASS W463,43.01183412061823,1,56.02779592972272,4,30.26135033582568,Mercedes-Benz,13.015961809104489
Porsche 997 GT3 GEN_OTHER,74.73326778629455,1,97.67882226653524,4,30.70326664405368,Porsche,22.945554480240688
Chevrolet CAMARO 1ST GENERATION 1967-1969 GEN_OTHER,74.2188419528849,6,70.50240720517436,68,-5.007400614078266,Chevrolet,-3.7164347477105366
BMW 1M GEN_OTHER,73.99646074166193,1,79.89121772244918,1,7.966268821109098,BMW,5.89475698078725
Alfa Romeo 105/115 SERIES COUPE GEN_UNKNOWN,73.92495203855265,8,51.34651427517841,2,-30.542377290416564,Alfa Romeo,-22.57843776337424
Packard PACKARD EIGHT GEN_OTHER,73.88948628631977,1,54.79560951154402,3,-25.841128060882014,Packard,-19.093876774775744
Ferrari F430 F430,73.78792825511728,2,92.68342555629545,16,25.60784365140072,Ferrari,18.895497301178168
Chevrolet CORVETTE C7 GEN_UNKNOWN,73.62464007409478,16,48.51457067084101,1,-34.10552415330433,Chevrolet,-25.110069403253775
Chevrolet CHEVELLE GEN_OTHER,73.52361076515803,2,92.34554355908939,25,25.599848263778224,Chevrolet,18.821932793931367
Chevrolet CHEVELLE GEN_OTHER,73.52361076515803,2,60.67417929189622,21,-17.476605595859823,Chevrolet,-12.849431473261802
Chevrolet CHEVELLE GEN_OTHER,47.077109783076224,2,92.34554355908939,25,96.15805639854031,Chevrolet,45.26843377601317
Chevrolet CHEVELLE GEN_OTHER,47.077109783076224,2,60.67417929189622,21,28.882549441699197,Chevrolet,13.597069508819999
BMW E21 3-SERIES GEN_OTHER,73.4701680699146,1,45.16146036263852,3,-38.5308873668798,BMW,-28.308707707276085
Chevrolet TRI-5 GEN_UNKNOWN,73.11547205840537,13,32.57931485947203,2,-55.44128493973568,Chevrolet,-40.536157198933346
Jaguar REPLICA GEN_UNKNOWN,72.987879834704,4,75.2029496393249,2,3.034846072577221,Jaguar,2.215069804620896
Rolls-Royce CORNICHE GEN_OTHER,72.85099930632208,1,57.204887946539074,2,-21.47686580659604,Rolls-Royce,-15.646111359783006
Rolls-Royce CORNICHE GEN_OTHER,61.04481696190922,1,57.204887946539074,2,-6.290344056181194,Rolls-Royce,-3.8399290153701457
Ferrari 456 GEN_UNKNOWN,72.84799128507228,2,40.37787036556623,2,-44.57243136937353,Ferrari,-32.47012091950605
Porsche 911 993,72.58544419562726,5,89.21314022895609,29,22.907755428919078,Porsche,16.62769603332883
Mercedes-Benz W111 COUPE & CABRIOLET GEN_OTHER,72.57992391719363,1,95.81806393871277,5,32.01731107906853,Mercedes-Benz,23.238140021519143
Mercedes-Benz W111 COUPE & CABRIOLET GEN_OTHER,72.57992391719363,1,70.98114785206621,6,-2.2027800235109813,Mercedes-Benz,-1.59877606512741
Mercedes-Benz W111 COUPE & CABRIOLET GEN_OTHER,61.5932866711682,1,95.81806393871277,5,55.56575905790262,Mercedes-Benz,34.22477726754457
Mercedes-Benz W111 COUPE & CABRIOLET GEN_OTHER,61.5932866711682,1,70.98114785206621,6,15.241695464341035,Mercedes-Benz,9.387861180898014
Ferrari 812 GEN_OTHER,72.57979807682571,1,91.79909161309955,1,26.48022458801858,Ferrari,19.219293536273838
BMW M5 GEN_UNKNOWN,72.5195918244238,21,41.13802322626598,2,-43.273228390660705,BMW,-31.38156859815782
Mercedes-Benz E63 W213,72.12949937117554,1,51.64308098341253,6,-28.402274473500384,Mercedes-Benz,-20.48641838776301
Nissan R34 SKYLINE GEN_OTHER,72.0919185323962,1,69.50790433773919,5,-3.5843326786979985,Nissan,-2.5840141946570157
Nissan R34 SKYLINE GEN_OTHER,72.0919185323962,1,52.95587570462561,1,-26.543950025648662,Nissan,-19.136042827770595
Ferrari MONDIAL GEN_OTHER,71.92086905448114,1,74.76551690732316,8,3.9552467736272097,Ferrari,2.844647852842016
Datsun DATSUN 240Z GEN_UNKNOWN,71.86842555910626,10,23.715647746184853,1,-67.00129777202291,Datsun,-48.1527778129214
Shelby SHELBY COBRA REPLICA GEN_UNKNOWN,71.76388889884518,18,85.70794645028052,41,19.43046532928307,Shelby,13.944057551435336
Porsche 356B GEN_OTHER,71.71806304505637,1,91.44682960340563,11,27.508783311611197,Porsche,19.728766558349264
Porsche 911 Original,71.67760265959869,2,92.82372021643394,29,29.501708723796824,Porsche,21.14611755683525
Porsche 911 Original,71.67760265959869,2,66.72864563322268,21,-6.904467843154445,Porsche,-4.948957026376007
Porsche 911 Original,30.997307255360425,4,92.82372021643394,29,199.45736722141163,Porsche,61.826412961073515
Porsche 911 Original,30.997307255360425,4,66.72864563322268,21,115.27239473900806,Porsche,35.73133837786226
DeTomaso DETOMASO PANTERA GEN_OTHER,71.12281581605887,1,88.47750428202782,10,24.401014311430593,DeTomaso,17.354688465968948
BMW M3 E46,71.121584272915,5,72.13772976582852,40,1.428744175627846,BMW,1.0161454929135232
Porsche 928 GEN_UNKNOWN,70.95429324221327,18,33.991569233231104,1,-52.09371035915231,Porsche,-36.962724008982164
International Harvester INTERNATIONAL HARVESTER SCOUT II GEN_OTHER,70.90055114126477,2,72.12801303775323,15,1.731244506185608,International Harvester,1.2274618964884638
Ferrari TESTAROSSA GEN_OTHER,70.75855144091057,2,84.7707551646532,6,19.80284140701215,Ferrari,14.01220372374263
Ferrari CALIFORNIA GEN_UNKNOWN,70.72487704591418,3,49.195730225734806,1,-30.440698831053147,Ferrari,-21.529146820179378
Ford SALEEN GEN_OTHER,70.23129888822255,1,55.3616625322117,3,-21.172378400229782,Ford,-14.86963635601085
Ford SALEEN GEN_OTHER,70.23129888822255,1,49.124757514404564,5,-30.052899074827526,Ford,-21.10654137381799
Porsche 996 TURBO GEN_UNKNOWN,70.1458522911631,16,36.52821331907068,3,-47.92534109151815,Porsche,-33.617638972092415
Toyota TUNDRA (XK50 2007-2021) GEN_OTHER,70.13244060827743,1,54.29272472718836,2,-22.585433707578094,Toyota,-15.839715881089077
Toyota TUNDRA (XK50 2007-2021) GEN_OTHER,70.13244060827743,1,52.89673476323622,4,-24.575939031283276,Toyota,-17.235705845041217
Ferrari 365 GT 2+2 GEN_UNKNOWN,70.10007918556084,1,25.333025185953733,1,-63.86163114182073,Ferrari,-44.767053999607114
Porsche 914 1.7/1.8/2.0 GEN_OTHER,69.77364034730212,4,74.03683732667281,17,6.11003949077387,Porsche,4.26319697937069
Ford BRONCO U13/U14/U15 1966-1977 GEN_OTHER,69.09496756107266,8,72.14798152524207,52,4.418576449103717,Ford,3.053013964169409
Ford BRONCO U13/U14/U15 1966-1977 GEN_OTHER,69.09496756107266,8,67.86161253378283,26,-1.7850142648951624,Ford,-1.2333550272898322
Ford BRONCO U13/U14/U15 1966-1977 GEN_OTHER,46.51864757939736,5,72.14798152524207,52,55.0947529205378,Ford,25.629333945844714
Ford BRONCO U13/U14/U15 1966-1977 GEN_OTHER,46.51864757939736,5,67.86161253378283,26,45.880450238708264,Ford,21.342964954385472
Plymouth PLYMOUTH SUPERBIRD & DODGE CHARGER DAYTONA GEN_OTHER,69.04579791292073,1,77.1064907769824,1,11.674414819896294,Plymouth,8.060692864061664
Aston Martin V12 VANTAGE GEN_OTHER,68.89189077322568,1,80.84419922789142,2,17.34936916452134,Aston Martin,11.95230845466574
Aston Martin V12 VANTAGE GEN_OTHER,68.89189077322568,1,65.04173667188307,2,-5.58868984161913,Aston Martin,-3.8501541013426106
BMW E31 8-SERIES GEN_UNKNOWN,68.79234811919689,3,60.37436097208965,1,-12.236807402650868,BMW,-8.41798714710724
Porsche 550 SPYDER REPLICA GEN_UNKNOWN,68.67613325408648,6,86.1834817379428,3,25.492624081037015,Porsche,17.50734848385632
Mercedes-Benz S63 W222,68.18906978928854,1,63.79885016066738,4,-6.438304030524841,Mercedes-Benz,-4.3902196286211606
Mercedes-Benz S63 W222,68.18906978928854,1,41.279813812640015,1,-39.462711633698746,Mercedes-Benz,-26.909255976648524
Ford F-SERIES 1967-1972 GEN_OTHER,68.00205701757518,1,63.13267969389574,23,-7.160632394430289,Ford,-4.869377323679444
Ford F-SERIES 1967-1972 GEN_OTHER,68.00205701757518,1,48.591669406856056,15,-28.543824204762654,Ford,-19.410387610719127
Ford F-SERIES 1967-1972 GEN_OTHER,34.43334934757957,1,63.13267969389574,23,83.34748402375074,Ford,28.699330346316167
Ford F-SERIES 1967-1972 GEN_OTHER,34.43334934757957,1,48.591669406856056,15,41.1180449405562,Ford,14.158320059276484
Shelby SHELBY DAYTONA COUPE REPLICA GEN_UNKNOWN,67.98175335983868,4,86.68201620048576,6,27.507767770659722,Shelby,18.700262840647085
Triumph TRIUMPH SPITFIRE GEN_OTHER,67.52460425588768,2,36.41444680416602,6,-46.0723284416866,Triumph,-31.110157451721662
Triumph TRIUMPH SPITFIRE GEN_OTHER,67.52460425588768,2,27.405392126594165,4,-59.41421289528756,Triumph,-40.119212129293516
Alfa Romeo 106-SERIES 2600 GEN_OTHER,67.470869562186,2,31.82975894240455,1,-52.82444238684673,Alfa Romeo,-35.64111061978144
Porsche 911 996,67.34444861987166,11,77.41737594759633,47,14.957323928185525,Porsche,10.07292732772467
Porsche 911 996,67.34444861987166,11,70.96255495231134,15,5.372538355555068,Porsche,3.6181063324396803
Porsche 911 996,56.82401626631242,4,77.41737594759633,47,36.240591627263214,Porsche,20.593359681283907
Porsche 911 996,56.82401626631242,4,70.96255495231134,15,24.88127312180293,Porsche,14.138538685998917
Acura NSX NA2 GEN_UNKNOWN,67.23835622670097,7,31.628656902642252,8,-52.96039540883033,Acura,-35.609699324058724
Datsun DATSUN 280Z GEN_OTHER,67.1589694161771,1,53.220870412177895,12,-20.753890545321305,Datsun,-13.938099003999206
Datsun DATSUN 240Z GEN_OTHER,66.99275388602517,3,82.04780393214908,17,22.472654388468758,Datsun,15.05505004612391
Dodge RAM SRT-10 PICKUP GEN_OTHER,66.67242707344964,1,58.321734774194006,4,-12.524956216242284,Dodge,-8.350692299255634
Chevrolet TRI-5 GEN_OTHER,66.6423976908512,6,65.6584132187976,30,-1.4765142103953375,Chevrolet,-0.9839844720535922
Ferrari 599 GTB & GTO GEN_UNKNOWN,66.13113264381033,3,42.63889777555514,3,-35.523714669741096,Ferrari,-23.492234868255196
Porsche 356A GEN_OTHER,65.983660059255,1,95.3550809764835,6,44.51317324751647,Porsche,29.371420917228505
Ford S550 SHELBY MUSTANG GEN_UNKNOWN,65.8563095394726,11,31.487578194849995,1,-52.18745414822077,Ford,-34.36873134462261
Chevrolet CORVETTE C1 GEN_OTHER,65.81775457791346,3,68.7567248441792,43,4.465315301491575,Chevrolet,2.9389702662657413
Porsche 356C GEN_OTHER,65.72735209779215,1,83.23232163002797,13,26.632701567212273,Porsche,17.50496953223582
Pontiac PONTIAC FIREBIRD GEN_OTHER,65.68822769953375,1,64.55256348684505,48,-1.7288702290513622,Pontiac,-1.1356642126887095
Pontiac PONTIAC FIREBIRD GEN_OTHER,65.68822769953375,1,54.29468052960571,13,-17.344884416799268,Pontiac,-11.393547169928048
Pontiac PONTIAC FIREBIRD GEN_OTHER,65.68822769953375,1,47.10597833569423,6,-28.28855339017073,Pontiac,-18.582249363839523
Pontiac PONTIAC FIREBIRD GEN_OTHER,43.65776971029626,4,64.55256348684505,48,47.86042419299526,Pontiac,20.894793776548788
Pontiac PONTIAC FIREBIRD GEN_OTHER,43.65776971029626,4,54.29468052960571,13,24.364301909817527,Pontiac,10.636910819309449
Pontiac PONTIAC FIREBIRD GEN_OTHER,43.65776971029626,4,47.10597833569423,6,7.898270223787332,Pontiac,3.4482086253979745
Pontiac PONTIAC FIREBIRD GEN_OTHER,31.492859370243448,3,64.55256348684505,48,104.97523812600708,Pontiac,33.059704116601594
Pontiac PONTIAC FIREBIRD GEN_OTHER,31.492859370243448,3,54.29468052960571,13,72.40314666665974,Pontiac,22.80182115936226
Pontiac PONTIAC FIREBIRD GEN_OTHER,31.492859370243448,3,47.10597833569423,6,49.57669540862047,Pontiac,15.613118965450784
Porsche 912 GEN_OTHER,65.50807055627722,2,73.22427922396706,10,11.779019901160021,Porsche,7.716208667689841
Porsche 944 TURBO GEN_UNKNOWN,65.24460532934155,9,28.636719574845213,2,-56.10867836460523,Porsche,-36.60788575449634
Maserati BORA GEN_OTHER,64.9856689770972,1,84.92555626585212,3,30.68351469272756,Maserati,19.939887288754917
Mercedes-Benz SPRINTER W223,64.69182090787235,3,72.98575025175548,12,12.82067690704596,Mercedes-Benz,8.293929343883121
Land Rover 110 / DEFENDER 110 (EURO SPEC) GEN_UNKNOWN,64.54080379297687,20,66.34776215139345,1,2.7997146800536243,Land Rover,1.8069583584165798
Mercedes-Benz UNIMOG GEN_UNKNOWN,64.45536158030995,4,72.52128912075727,1,12.513974544068537,Mercedes-Benz,8.06592754044732
Jaguar X308 XJR GEN_OTHER,64.43337159082036,1,45.39862075261147,3,-29.541758204254382,Jaguar,-19.034750838208886
Mercedes-Benz W108 & W109 GEN_OTHER,64.36502937997982,1,72.03470884127934,10,11.915910759585717,Mercedes-Benz,7.669679461299523
Mercedes-Benz SPRINTER W222,64.32326706291326,4,70.72975868608833,13,9.95983555516391,Mercedes-Benz,6.4064916231750715
Cadillac CADILLAC SERIES 62 GEN_UNKNOWN,64.28787284474427,12,35.802341790382656,1,-44.30933828399394,Cadillac,-28.485531054361616
Alfa Romeo 952 SERIES GIULIA GEN_OTHER,63.95910016120107,1,39.90779688911219,2,-37.60419269731832,Alfa Romeo,-24.05130327208888
Jeep JEEP SJ GRAND WAGONEER GEN_OTHER,63.81078210730509,3,51.887853782887326,14,-18.68481772307382,Jeep,-11.92292832441776
Mercedes-Benz 190SL GEN_OTHER,63.76978928889088,2,81.14516491808513,17,27.247033153081407,Mercedes-Benz,17.375375629194252
Nissan R32 SKYLINE GEN_OTHER,63.54513017862165,2,63.780671640109325,2,0.37066799741472645,Nissan,0.23554146148767785
Honda AP2 S2000 GEN_UNKNOWN,63.35873490608157,13,70.56507182275861,1,11.373864909643782,Honda,7.206336916677039
Mercedes-Benz G63 W463,63.133455301582416,1,58.83757170124097,5,-6.80444873454245,Mercedes-Benz,-4.295883600341448
Mercedes-Benz G63 W463,63.133455301582416,1,55.90641431010085,5,-11.447244502868866,Mercedes-Benz,-7.227040991481566
Lincoln LINCOLN CONTINENTAL GEN_OTHER,62.9016213173426,1,57.05054725711967,13,-9.301944747503251,Lincoln,-5.851074060222935
Lincoln LINCOLN CONTINENTAL GEN_OTHER,62.9016213173426,1,51.8748963972535,4,-17.530112402760793,Lincoln,-11.026724920089102
Lincoln LINCOLN CONTINENTAL GEN_OTHER,50.17234712854242,4,57.05054725711967,13,13.709145619508652,Lincoln,6.878200128577248
Lincoln LINCOLN CONTINENTAL GEN_OTHER,50.17234712854242,4,51.8748963972535,4,3.3934016767226787,Lincoln,1.7025492687110813
Mercedes-Benz W221 S-CLASS W221,62.69105994873529,3,47.51914819659044,16,-24.20107709863489,Mercedes-Benz,-15.171911752144844
Ferrari 456 GEN_OTHER,62.49166091848601,1,81.09590632353539,5,29.770764821432277,Ferrari,18.604245405049376
Ferrari 456 GEN_OTHER,62.49166091848601,1,76.52856925304695,1,22.462050341197774,Ferrari,14.036908334560941
Chevrolet CORVETTE C6 GEN_OTHER,62.48341330783255,6,71.1258111291594,36,13.831507217361784,Chevrolet,8.642397821326853
Mercury MERCURY COUGAR GEN_OTHER,62.44287041761426,1,65.37645141281656,4,4.698023930646826,Mercury,2.9335809952023055
Mercury MERCURY COUGAR GEN_OTHER,62.44287041761426,1,37.04428818817424,3,-40.67491141835055,Mercury,-25.398582229440017
Mercury MERCURY COUGAR GEN_OTHER,29.206137006588616,1,65.37645141281656,4,123.84491108176435,Mercury,36.170314406227945
Mercury MERCURY COUGAR GEN_OTHER,29.206137006588616,1,37.04428818817424,3,26.837343055048386,Mercury,7.838151181585626
Acura NSX NA1 GEN_UNKNOWN,62.232740632195444,5,38.41438991825472,2,-38.27302232230241,Acura,-23.818350713940724
Chevrolet IMPALA GEN_OTHER,62.073452601483794,4,60.71426918560811,3,-2.1896372102930104,Chevrolet,-1.359183415875684
Chevrolet IMPALA GEN_OTHER,62.073452601483794,4,58.30662320344513,26,-6.068342004789057,Chevrolet,-3.7668293980386665
BMW E9 COUPE GEN_OTHER,61.99402027343451,2,94.56686174302939,8,52.54190860009913,BMW,32.572841469594884
BMW M3 E90/E92,61.5613460864791,4,74.50269532318669,30,21.021875022888647,BMW,12.941349236707588
Mercedes-Benz AMG GT C190,61.5362456272893,1,70.14037519168355,5,13.982214021484927,Mercedes-Benz,8.604129564394249
Porsche Boxster GEN_OTHER,61.442837971109135,7,78.1284509884604,16,27.156318894639863,Porsche,16.685613017351265
Porsche Boxster GEN_OTHER,61.442837971109135,7,62.95905313482721,61,2.4676841333907915,Porsche,1.5162151637180727
Porsche Boxster GEN_OTHER,61.442837971109135,7,54.43615477259279,10,-11.403580026383114,Porsche,-7.006683198516342
Porsche Boxster GEN_OTHER,58.76780691678935,12,78.1284509884604,16,32.944302480240964,Porsche,19.360644071671054
Porsche Boxster GEN_OTHER,58.76780691678935,12,62.95905313482721,61,7.131874469932731,Porsche,4.191246218037861
Porsche Boxster GEN_OTHER,58.76780691678935,12,54.43615477259279,10,-7.370790865702776,Porsche,-4.331652144196553
Mercedes-Benz R107 SL GEN_OTHER,61.272369128114164,12,61.27539764529238,76,0.004942712712614523,Mercedes-Benz,0.0030285171782153952
Ford S197 SHELBY MUSTANG GEN_OTHER,61.19170469219549,3,61.940125603024605,14,1.2230757658963636,Ford,0.7484209108291111
BMW E38 7-SERIES GEN_OTHER,61.05445097804874,1,66.75053624850194,9,9.329516815246032,BMW,5.696085270453203
BMW E38 7-SERIES GEN_OTHER,61.05445097804874,1,41.58585374614034,3,-31.887269347337284,BMW,-19.468597231908404
BMW E28 5-SERIES GEN_OTHER,61.05078284289744,2,44.34291474449417,3,-27.367164384112456,BMW,-16.707868098403267
Mercedes-Benz W461 G-CLASS W463,61.031621261169086,2,72.98045959641982,5,19.578110638940366,Mercedes-Benz,11.948838335250734
Caterham CATERHAM SEVEN GEN_UNKNOWN,60.88785596387973,2,77.86936203901051,2,27.889807920325943,Caterham,16.98150607513078
Opel OPEL GT GEN_OTHER,60.76879164934457,1,53.311538733653926,4,-12.27151752287817,Opel,-7.4572529156906455
BMW E38 7-SERIES GEN_UNKNOWN,60.46113103960236,5,31.70610977280803,2,-47.55951596069156,BMW,-28.755021266794326
Chevrolet CORVETTE C8 GEN_OTHER,60.45132493572646,9,54.010709253152534,24,-10.654217569956938,Chevrolet,-6.440615682573927
Mercedes-Benz E63 W212,60.377530317022654,2,61.31580661978246,5,1.5540157039104139,Mercedes-Benz,0.9382763027598031
Mercedes-Benz E63 W212,60.377530317022654,2,38.62274799934539,4,-36.03125567317844,Mercedes-Benz,-21.75478231767726
Chevrolet C/K GEN_OTHER,60.3219171586634,8,63.3039415068283,57,4.943517196778322,Chevrolet,2.9820243481648987
Chevrolet C/K GEN_OTHER,60.3219171586634,8,45.50407188825694,31,-24.564612612413185,Chevrolet,-14.817845270406465
Chevrolet C/K GEN_OTHER,46.400730536317475,3,63.3039415068283,57,36.42876044221075,Chevrolet,16.903210970510827
Chevrolet C/K GEN_OTHER,46.400730536317475,3,45.50407188825694,31,-1.932423558199649,Chevrolet,-0.8966586480605372
Mercedes-Benz W460 GELÄNDEWAGEN GEN_OTHER,60.13545377779312,4,61.38286767695566,2,2.074340211636004,Mercedes-Benz,1.2474138991625452
Chevrolet CAMARO 3RD GENERATION 1982-1992 GEN_OTHER,60.08637051275923,1,66.47648649844982,8,10.634884302645066,Chevrolet,6.390115985690585
Honda CIVIC SI GEN_OTHER,60.0307413926476,1,56.021247317596966,2,-6.679068060854742,Honda,-4.0094940750506325
Lamborghini GALLARDO GEN_OTHER,59.43368391074386,1,94.25662501135379,4,58.59125467118314,Lamborghini,34.82294110060993
BMW 3 SERIES GEN_OTHER,59.35362551464659,6,46.71426040963931,3,-21.29501777762217,BMW,-12.639365105007279
BMW 3 SERIES GEN_OTHER,59.35362551464659,6,40.4203392062493,1,-31.899123506322542,BMW,-18.933286308397285
BMW 3 SERIES GEN_OTHER,59.35362551464659,6,37.564725117475824,3,-36.71031079945396,BMW,-21.788900397170764
BMW 3 SERIES GEN_OTHER,28.01227477848142,2,46.71426040963931,3,66.76353769571207,BMW,18.70198563115789
BMW 3 SERIES GEN_OTHER,28.01227477848142,2,40.4203392062493,1,44.29509750953736,BMW,12.408064427767883
BMW 3 SERIES GEN_OTHER,28.01227477848142,2,37.564725117475824,3,34.10094472703246,BMW,9.552450338994404
BMW 3 SERIES GEN_OTHER,21.22558708503518,1,46.71426040963931,3,120.08465642193983,BMW,25.48867332460413
BMW 3 SERIES GEN_OTHER,21.22558708503518,1,40.4203392062493,1,90.43213760973957,BMW,19.194752121214123
BMW 3 SERIES GEN_OTHER,21.22558708503518,1,37.564725117475824,3,76.97849754158432,BMW,16.339138032440644
Auburn AUBURN 851/852 GEN_OTHER,58.90044598245811,1,64.55848080363191,1,9.606098437453074,Auburn,5.6580348211738
Ferrari PORTOFINO GEN_OTHER,58.8301637000606,1,62.75790606021455,2,6.676409027483131,Ferrari,3.9277423601539496
Chevrolet CORVETTE C4 ZR-1 GEN_OTHER,58.69789721781236,3,64.3534765525813,21,9.63506292871545,Chevrolet,5.655579334768937
Sunbeam SUNBEAM TIGER GEN_OTHER,58.68419217341837,1,61.33464062984705,7,4.5164606655848845,Sunbeam,2.650448456428684
Chevrolet CORVETTE C5 GEN_OTHER,58.59898590281131,3,49.482317633831954,20,-15.55772361675286,Chevrolet,-9.116668268979353
Chevrolet CORVETTE C5 GEN_OTHER,58.59898590281131,3,49.20678141305147,8,-16.027930082846773,Chevrolet,-9.392204489759834
Chevrolet CORVETTE C5 GEN_OTHER,51.68480846301991,1,49.482317633831954,20,-4.261389167696779,Chevrolet,-2.2024908291879584
Chevrolet CORVETTE C5 GEN_OTHER,51.68480846301991,1,49.20678141305147,8,-4.794497887597762,Chevrolet,-2.478027049968439
Chevrolet CORVETTE C5 GEN_UNKNOWN,58.589065226827486,21,70.76784464177587,1,20.786778843113904,Chevrolet,12.17877941494838
Dodge CHALLENGER SRT DEMON & SUPER STOCK GEN_UNKNOWN,58.49169572856336,4,45.77737198226144,2,-21.736972382035262,Dodge,-12.714323746301915
Chevrolet CORVETTE C7 GEN_OTHER,58.06999832150842,3,60.920913564468734,23,4.909446057112021,Chevrolet,2.850915242960312
Chevrolet CORVETTE C7 GEN_OTHER,58.06999832150842,3,50.968428871216325,3,-12.229326081557266,Chevrolet,-7.1015694502920965
Chevrolet MONTE CARLO GEN_OTHER,57.88782733804561,2,65.31388118332944,8,12.828351290363955,Chevrolet,7.426053845283832
Chevrolet MONTE CARLO GEN_OTHER,57.88782733804561,2,34.55537601758155,3,-40.30631722315354,Chevrolet,-23.33245132046406
Chevrolet MONTE CARLO GEN_OTHER,22.944147015721494,1,65.31388118332944,8,184.66467347239322,Chevrolet,42.369734167607945
Chevrolet MONTE CARLO GEN_OTHER,22.944147015721494,1,34.55537601758155,3,50.60649669784612,Chevrolet,11.611229001860057
Aston Martin DB9 GEN_OTHER,57.6837291577011,2,67.69004402493678,11,17.34685848738991,Aston Martin,10.00631486723568
Aston Martin DB9 GEN_OTHER,57.6837291577011,2,39.38511396136419,2,-31.72231661082533,Aston Martin,-18.29861519633691
Audi R8 GEN_OTHER,57.60063698379901,1,75.2459636200997,5,30.63390885983376,Audi,17.645326636300688
Audi R8 GEN_OTHER,57.60063698379901,1,56.51735910177033,6,-1.8806699695584426,Audi,-1.083277882028682
Subaru WRX STI GEN_OTHER,57.464367541070814,1,53.250491714769986,13,-7.333023935726946,Subaru,-4.2138758263008285
Subaru WRX STI GEN_OTHER,57.464367541070814,1,40.01193866812056,2,-30.370870888775887,Subaru,-17.452428872950257
Subaru WRX STI GEN_OTHER,57.464367541070814,1,38.63923451093615,10,-32.759662788736,Subaru,-18.825133030134666
Subaru WRX STI GEN_OTHER,39.87914345545289,3,53.250491714769986,13,33.52967767287579,Subaru,13.371348259317095
Subaru WRX STI GEN_OTHER,39.87914345545289,3,40.01193866812056,2,0.33299414471127153,Subaru,0.13279521266766636
Subaru WRX STI GEN_OTHER,39.87914345545289,3,38.63923451093615,10,-3.1091664390981357,Subaru,-1.239908944516742
Subaru WRX STI GEN_OTHER,22.84239707560188,1,53.250491714769986,13,133.12129431305263,Subaru,30.408094639168105
Subaru WRX STI GEN_OTHER,22.84239707560188,1,40.01193866812056,2,75.1652356610926,Subaru,17.169541592518677
Subaru WRX STI GEN_OTHER,22.84239707560188,1,38.63923451093615,10,69.15577810442223,Subaru,15.796837435334268
BMW E24 M6 & M635CSI GEN_OTHER,57.4332234461675,1,64.23627073237478,4,11.845142720543643,BMW,6.803047286207274
Ford 18 & 40 V8 GEN_OTHER,57.40993770562236,2,61.54427562237986,17,7.201432508003931,Ford,4.134337916757495
Honda AP2 S2000 AP2,57.39320180725934,1,69.53246227011428,21,21.151042424190937,Honda,12.139260462854942
Mercedes-Benz AMG GT C190-FL,57.34745669169038,2,86.39149673296787,11,50.64573342358172,Mercedes-Benz,29.044040041277484
BMW M4 GEN_OTHER,57.33255024943131,2,57.608389198766076,16,0.4811210178767608,BMW,0.27583894933476927
BMW Z3 M COUPE GEN_OTHER,57.15613287359976,1,83.01834428982048,5,45.24835764066605,BMW,25.862211416220717
BMW Z3 M COUPE GEN_OTHER,57.15613287359976,1,49.50940184978594,2,-13.378671088060653,BMW,-7.646731023813821
BMW Z3 M COUPE GEN_OTHER,43.71751655960366,2,83.01834428982048,5,89.89721014146535,BMW,39.30082773021682
BMW Z3 M COUPE GEN_OTHER,43.71751655960366,2,49.50940184978594,2,13.248431626452817,BMW,5.791885290182279
Hummer HUMMER H1 GEN_OTHER,56.968360757173755,1,66.47421047026289,6,16.686191399481523,Hummer,9.505849713089134
Hummer HUMMER H1 GEN_OTHER,56.968360757173755,1,64.09904567578013,3,12.516921364475884,Hummer,7.130684918606377
Hummer HUMMER H1 GEN_OTHER,45.040558273001615,1,66.47421047026289,6,47.58744788940398,Hummer,21.433652197261274
Hummer HUMMER H1 GEN_OTHER,45.040558273001615,1,64.09904567578013,3,42.31405678246806,Hummer,19.058487402778518
Toyota LAND CRUISER 100-SERIES GEN_OTHER,56.786600633081235,2,62.67812856237718,8,10.374855799809605,Toyota,5.891527929295947
Toyota LAND CRUISER 100-SERIES GEN_OTHER,56.786600633081235,2,60.54149195409851,7,6.6122840232663105,Toyota,3.7548913210172756
Toyota LAND CRUISER 100-SERIES GEN_OTHER,52.20956090317383,4,62.67812856237718,8,20.05105478404237,Toyota,10.468567659203352
Toyota LAND CRUISER 100-SERIES GEN_OTHER,52.20956090317383,4,60.54149195409851,7,15.958630769519038,Toyota,8.33193105092468
BMW E30 3-SERIES COUPE GEN_OTHER,56.636158323368996,5,69.2219245871154,25,22.22213977135753,BMW,12.5857662637464
Maserati GRANTURISMO GEN_OTHER,56.627351358785624,1,58.81445403202467,13,3.8622725957669597,Maserati,2.187102673239046
Maserati GRANTURISMO GEN_OTHER,56.627351358785624,1,52.566844748084044,3,-7.170574842843326,Maserati,-4.06050661070158
Maserati GRANTURISMO GEN_OTHER,49.5738868766527,1,58.81445403202467,13,18.63998919101077,Maserati,9.24056715537197
Maserati GRANTURISMO GEN_OTHER,49.5738868766527,1,52.566844748084044,3,6.037367775656312,Maserati,2.9929578714313436
Honda AP1 S2000 AP1,56.619489528288184,3,59.52403705173241,14,5.12994297130329,Honda,2.904547523444222
Chevrolet K5 BLAZER 1969-1972 GEN_OTHER,56.445164389476325,4,84.09193801706559,6,48.9798797233085,Chevrolet,27.646773627589262
Ford FOX-BODY MUSTANG GEN_OTHER,56.04476727650567,3,75.68959183929411,41,35.05202272652434,Ford,19.644824562788443
Chevrolet TASK FORCE PICKUP GEN_OTHER,56.010944505170315,3,43.25363518034189,9,-22.77645813248304,Chevrolet,-12.757309324828427
Toyota SUPRA A80 A80,55.93065015634955,1,91.14741906085018,15,62.96506263748953,Toyota,35.21676890450063
Mercedes-Benz GL & GLS-CLASS W221,55.31584549432216,1,52.490273824483516,11,-5.108069206189161,Mercedes-Benz,-2.825571669838645
Mercedes-Benz SL63 R231,55.31070487902553,1,81.74664445032657,5,47.79534021329361,Mercedes-Benz,26.43593957130104
Mercedes-Benz SL63 R231,55.31070487902553,1,68.97821618122691,2,24.710426909392478,Mercedes-Benz,13.667511302201383
Porsche 944 GEN_UNKNOWN,55.25038233007646,6,26.086790153430993,2,-52.78441695193444,Porsche,-29.16359217664547
Aston Martin V8 VANTAGE (2006+) GEN_OTHER,55.201180852255504,4,75.10573858916811,17,36.05821004117036,Aston Martin,19.904557736912608
Aston Martin V8 VANTAGE (2006+) GEN_OTHER,55.201180852255504,4,61.41915351003658,5,11.264202253975897,Aston Martin,6.217972657781075
GMC GMC JIMMY GEN_OTHER,55.19152112426964,1,60.114747554901165,8,8.92025863818167,GMC,4.923226430631523
Land Rover RANGE ROVER CLASSIC GEN_OTHER,55.050377196411034,2,45.34339012447275,11,-17.63291655079,Land Rover,-9.706987071938286
BMW Z3 M ROADSTER GEN_OTHER,54.976368792428595,1,59.367753978474894,7,7.9877687131840664,BMW,4.3913851860463
BMW Z3 M ROADSTER GEN_OTHER,54.976368792428595,1,49.16199515287091,4,-10.576132558901287,BMW,-5.814373639557687
BMW Z3 M ROADSTER GEN_OTHER,53.16846163403929,2,59.367753978474894,7,11.659717347298084,BMW,6.199292344435605
BMW Z3 M ROADSTER GEN_OTHER,53.16846163403929,2,49.16199515287091,4,-7.535419227934514,BMW,-4.006466481168381
Mercedes-Benz E63 W211,54.93116876685902,1,61.56746606004159,4,12.08111431480477,Mercedes-Benz,6.636297293182572
Mercedes-Benz R129 SL GEN_UNKNOWN,54.89581138750994,23,49.91344631824976,5,-9.076038669124724,Mercedes-Benz,-4.982365069260176
Alfa Romeo 4C GEN_OTHER,54.35474407643366,1,55.359719495706635,6,1.8489194206485027,Alfa Romeo,1.0049754192729736
BMW M2 F87,54.282937099233635,2,65.07789990021564,5,19.886475157466027,BMW,10.794962800982006
Austin-Healey AUSTIN-HEALEY BUGEYE SPRITE GEN_OTHER,54.276649253353,1,43.74809809069372,8,-19.39793872225608,Austin-Healey,-10.528551162659276
Ferrari F355 F355,54.20102221256137,1,84.95305016034906,7,56.73698888405974,Ferrari,30.752027947787695
Ford MUSTANG 1964.5-1966 GEN_OTHER,53.93338173827504,7,58.41513289634143,64,8.309790733715145,Ford,4.481751158066395
Ford MUSTANG 1964.5-1966 GEN_OTHER,53.93338173827504,7,14.26640389556291,1,-73.54810057193497,Ford,-39.66697784271213
BMW M5 F90,53.89738663710833,1,54.818787564090215,3,1.7095465744669287,BMW,0.9214009269818817
Mercedes-Benz R230 SL R230,53.75771215938315,15,56.813277470828055,58,5.683957126720034,Mercedes-Benz,3.0555653114449015
Ford SUPER DUTY 2008-2010 GEN_OTHER,53.754005122385045,1,49.3442671310894,2,-8.203552426011274,Ford,-4.409737991295643
Bentley MULSANNE GEN_OTHER,53.72033879048102,2,47.81884850292005,3,-10.985579057082735,Bentley,-5.901490287560975
Meyers MEYERS MANX GEN_UNKNOWN,53.65957031407635,7,71.63374907188397,3,33.496687827730355,Meyers,17.97417875780762
Toyota LAND CRUISER PRADO 70-SERIES GEN_OTHER,53.543447527370596,1,62.44583643544076,6,16.626476850448228,Toyota,8.902388908070165
Toyota PICKUP (N30/N40 1978-1983) GEN_OTHER,53.47493243836178,1,72.31104549724044,8,35.22419234580656,Toyota,18.83611305887866
Mercedes-Benz CL65 AMG W204,53.43525368233975,1,60.86850466209926,1,13.910762029779956,Mercedes-Benz,7.433250979759514
Mercedes-Benz W222 S-CLASS W222,53.39605004677075,2,58.91436957470347,8,10.334696149058034,Mercedes-Benz,5.518319527932718
Mercedes-Benz W222 S-CLASS W222,53.39605004677075,2,44.30141275626035,1,-17.032415848258843,Mercedes-Benz,-9.094637290510406
Porsche 9Y0/9Y3 CAYENNE (2019-) GEN_OTHER,53.248940401959516,2,57.77165550966874,10,8.493530713604194,Porsche,4.5227151077092245
BMW Z4 M COUPE GEN_OTHER,53.16313308419785,1,70.5511807511607,5,32.70696563241351,BMW,17.388047666962848
Ford CROWN VICTORIA GEN_OTHER,53.15121434915672,1,53.48948835364131,3,0.6364370195992765,Ford,0.338274004484596
Ford CROWN VICTORIA GEN_OTHER,53.15121434915672,1,40.90739461566657,2,-23.03582313860042,Ford,-12.243819733490149
Ford CROWN VICTORIA GEN_OTHER,39.54844930211789,1,53.48948835364131,3,35.250532694784724,Ford,13.941039051523425
Ford CROWN VICTORIA GEN_OTHER,39.54844930211789,1,40.90739461566657,2,3.4361532184674224,Ford,1.3589453135486806
BMW X5 GEN_OTHER,52.898393220742854,3,52.940908475589524,12,0.08037154298667525,BMW,0.04251525484666985
BMW X5 GEN_OTHER,52.898393220742854,3,50.58935911589434,19,-4.3650363730577,BMW,-2.3090341048485143
BMW X5 GEN_OTHER,42.61926453729008,1,52.940908475589524,12,24.218259161343425,BMW,10.321643938299445
BMW X5 GEN_OTHER,42.61926453729008,1,50.58935911589434,19,18.700685394584323,BMW,7.970094578604261
BMW E30 3-SERIES CONVERTIBLE GEN_OTHER,52.83513705713017,2,53.04502816397015,19,0.3972566714704071,BMW,0.2098911068399829
Mercedes-Benz C63 W204,52.7063607346907,2,80.41998441577441,6,52.581174823635536,Mercedes-Benz,27.71362368108371
Lotus CORTINA GEN_OTHER,52.67421459286668,1,21.914813055940144,1,-58.39555800627368,Lotus,-30.75940153692654
Porsche 958 CAYENNE GEN_OTHER,52.61151922408007,9,54.563751555664794,35,3.71065568981174,Porsche,1.9522323315847245
Porsche 958 CAYENNE GEN_OTHER,52.61151922408007,9,54.368633683989835,48,3.3397903839764833,Porsche,1.757114459909765
Porsche 958 CAYENNE GEN_OTHER,47.25587771267877,2,54.563751555664794,35,15.464475948195798,Porsche,7.307873842986027
Porsche 958 CAYENNE GEN_OTHER,47.25587771267877,2,54.368633683989835,48,15.051579434324447,Porsche,7.112755971311067
BMW Z4 GEN_OTHER,52.54289008146184,1,27.45488436173087,1,-47.74766991468273,BMW,-25.088005719730972
Toyota LAND CRUISER FJ45 GEN_OTHER,52.50641282972323,1,66.1183709905984,14,25.924372714278434,Toyota,13.611958160875162
Toyota LAND CRUISER FJ45 GEN_OTHER,52.50641282972323,1,36.75379917829688,2,-30.001313749068366,Toyota,-15.752613651426351
International Harvester INTERNATIONAL HARVESTER SCOUT 80 GEN_OTHER,52.40266529868559,1,38.29750465438156,2,-26.916876391510236,International Harvester,-14.105160644304028
Ford BRONCO 2ND GENERATION 1978-1979 GEN_OTHER,52.14129055520854,3,62.12078606724942,11,19.139333541187153,Ford,9.979495512040877
Chevrolet CAMARO 2ND GENERATION 1970-1981 GEN_OTHER,52.024650424741225,3,84.16787818491662,15,61.78461075230815,Chevrolet,32.14322776017539
Jeep JEEP CJ-7 GEN_OTHER,51.98739788328563,4,48.312694367008085,20,-7.06845055897478,Jeep,-3.674703516277546
Parts and Automobilia PARTS AND AUTOMOBILIA – ENGINES GEN_UNKNOWN,51.977129985551215,7,74.6963339767314,5,43.710000912893314,Parts and Automobilia,22.71920399118018
Chevrolet ADVANCE DESIGN PICKUP GEN_OTHER,51.887832405820845,4,54.55062649676191,21,5.131827573977337,Chevrolet,2.6627940909410626
Ford THUNDERBIRD GEN_OTHER,51.68507124250697,12,60.956501770896175,7,17.938314305280805,Ford,9.271430528389203
Ford THUNDERBIRD GEN_OTHER,51.68507124250697,12,54.407526348237475,13,5.267391608994233,Ford,2.7224551057305035
Ford THUNDERBIRD GEN_OTHER,51.68507124250697,12,48.585866421924315,45,-5.996324946600441,Ford,-3.0992048205826563
Ford THUNDERBIRD GEN_OTHER,43.01744061880496,2,60.956501770896175,7,41.70183277767855,Ford,17.939061152091213
Ford THUNDERBIRD GEN_OTHER,43.01744061880496,2,54.407526348237475,13,26.477832166643047,Ford,11.390085729432514
Ford THUNDERBIRD GEN_OTHER,43.01744061880496,2,48.585866421924315,45,12.944577183155639,Ford,5.568425803119354
Ford THUNDERBIRD GEN_OTHER,28.687927966701672,3,60.956501770896175,7,112.4813679177141,Ford,32.2685738041945
Ford THUNDERBIRD GEN_OTHER,28.687927966701672,3,54.407526348237475,13,89.65303597871817,Ford,25.719598381535803
Ford THUNDERBIRD GEN_OTHER,28.687927966701672,3,48.585866421924315,45,69.35997078045634,Ford,19.897938455222643
Honda CBX GEN_OTHER,51.637773108129544,2,48.85932350662798,3,-5.38065341370064,Honda,-2.7784496015015634
Honda CIVIC GEN_OTHER,51.61862840927292,2,50.806808903336034,7,-1.5727258374634592,Honda,-0.8118195059368887
Honda CIVIC GEN_OTHER,51.61862840927292,2,34.400443129346186,1,-33.356533892004016,Honda,-17.218185279926736
Parts and Automobilia PARTS AND AUTOMOBILIA – TRAILERS GEN_UNKNOWN,51.491614466421034,12,67.26182224686153,1,30.626749508358568,Parts and Automobilia,15.770207780440494
Porsche 996 GT3 GEN_UNKNOWN,51.28661328200614,3,45.89743630545086,1,-10.507960326649343,Porsche,-5.389176976555277
Aston Martin DB7 GEN_OTHER,51.209677239617626,2,71.43373027004486,6,39.49263912716323,Aston Martin,20.224053030427235
Aston Martin DB7 GEN_OTHER,51.209677239617626,2,28.385180318348382,1,-44.570671309780096,Aston Martin,-22.824496921269244
Porsche PANAMERA GEN_OTHER,51.1613695511234,4,55.83093993713129,16,9.127141096842191,Porsche,4.669570386007891
Porsche PANAMERA GEN_OTHER,51.1613695511234,4,48.34186190718373,11,-5.511008928567203,Porsche,-2.819507643939673
Porsche PANAMERA GEN_OTHER,27.34748481605818,1,55.83093993713129,16,104.1538383242758,Porsche,28.48345512107311
Porsche PANAMERA GEN_OTHER,27.34748481605818,1,48.34186190718373,11,76.7689505354359,Porsche,20.994377091125546
GMC GMC NEW DESIGN PICKUP GEN_OTHER,51.1243005034806,2,34.875346372393246,3,-31.78323022724019,GMC,-16.248954131087352
Chevrolet K5 BLAZER 1973-1991 GEN_OTHER,51.07862740421027,4,65.19527501807582,17,27.637092716203153,Chevrolet,14.116647613865545
Mercedes-Benz UNIMOG GEN_OTHER,50.99361421321071,1,80.14609056012382,2,57.168876528388324,Mercedes-Benz,29.15247634691311
Mercedes-Benz UNIMOG GEN_OTHER,50.99361421321071,1,62.74617161932449,1,23.047115972158515,Mercedes-Benz,11.75255740611378
Mercedes-Benz UNIMOG GEN_OTHER,50.99361421321071,1,43.89671611524901,3,-13.91722906379743,Mercedes-Benz,-7.096898097961699
Mercedes-Benz UNIMOG GEN_OTHER,38.20861152368737,1,80.14609056012382,2,109.7592332305438,Mercedes-Benz,41.93747903643646
Mercedes-Benz UNIMOG GEN_OTHER,38.20861152368737,1,62.74617161932449,1,64.2199732393445,Mercedes-Benz,24.537560095637126
Mercedes-Benz UNIMOG GEN_OTHER,38.20861152368737,1,43.89671611524901,3,14.886970148170173,Mercedes-Benz,5.688104591561647
Aston Martin VANQUISH GEN_OTHER,50.97060356085399,2,47.93473504149409,1,-5.956116481405522,Aston Martin,-3.0358685193598944
Aston Martin VANQUISH GEN_OTHER,50.97060356085399,2,44.14303528010228,3,-13.39510973732192,Aston Martin,-6.827568280751706
Toyota COROLLA GEN_OTHER,50.84057339973958,1,68.64045727872283,3,35.01117845196141,Toyota,17.799883878983252
Toyota COROLLA GEN_OTHER,20.58196040671212,1,68.64045727872283,3,233.49815043050046,Toyota,48.058496872010714
Hummer HUMMER HMMWV/HUMVEE GEN_UNKNOWN,50.82655366774977,6,66.04840147978972,5,29.948612907230107,Hummer,15.221847812039947
Porsche 912E GEN_OTHER,50.78455011007109,1,83.01821095251987,1,63.4713919343287,Porsche,32.23366084244878
Chevrolet NOVA GEN_OTHER,50.72091689941104,3,83.99779048241284,8,65.6077918484715,Chevrolet,33.2768735830018
Chevrolet NOVA GEN_OTHER,50.72091689941104,3,57.30783768816752,8,12.98659644071412,Chevrolet,6.58692078875648
Chevrolet NOVA GEN_OTHER,25.42146262154642,1,83.99779048241284,8,230.42076190855747,Chevrolet,58.576327860866414
Chevrolet NOVA GEN_OTHER,25.42146262154642,1,57.30783768816752,8,125.43092245052502,Chevrolet,31.886375066621095
Volkswagen VOLKSWAGEN EUROVAN GEN_OTHER,50.708618043135,1,48.829954936317264,5,-3.7048201653211272,Volkswagen,-1.8786631068177329
Volkswagen VOLKSWAGEN EUROVAN GEN_OTHER,50.708618043135,1,35.19100512490242,2,-30.60152991160716,Volkswagen,-15.51761291823258
Volkswagen VOLKSWAGEN EUROVAN GEN_OTHER,41.2484955098121,1,48.829954936317264,5,18.37996594251953,Volkswagen,7.5814594265051625
Volkswagen VOLKSWAGEN EUROVAN GEN_OTHER,41.2484955098121,1,35.19100512490242,2,-14.685360787204326,Volkswagen,-6.057490384909684
Lexus LS SEDAN GEN_OTHER,50.53689683552032,1,58.38184063389797,18,15.523200452750723,Lexus,7.844943798377656
Lexus LS SEDAN GEN_OTHER,50.53689683552032,1,38.59690787641859,3,-23.626280414411188,Lexus,-11.939988959101726
International Harvester INTERNATIONAL HARVESTER SCOUT 80 GEN_UNKNOWN,50.14654168383763,3,42.05759864919382,2,-16.130609934465134,International Harvester,-8.088943034643812
Mercedes-Benz W140 S-CLASS GEN_OTHER,50.01289442810276,2,44.29690700373591,5,-11.429027433283244,Mercedes-Benz,-5.715987424366851
Land Rover 110 / DEFENDER 110 (EURO SPEC) GEN_OTHER,49.83817899637342,3,67.8709868069246,36,36.182718096227745,Land Rover,18.032807810551184
Toyota LAND CRUISER FJ40 GEN_OTHER,49.73115591282448,4,63.98602258360564,37,28.66385550291457,Toyota,14.254866670781162
Toyota LAND CRUISER FJ40 GEN_OTHER,49.73115591282448,4,51.99405521432289,5,4.55026483893745,Toyota,2.2628993014984147
Toyota LAND CRUISER FJ40 GEN_OTHER,23.405292395359535,1,63.98602258360564,37,173.3827097852957,Toyota,40.58073018824611
Toyota LAND CRUISER FJ40 GEN_OTHER,23.405292395359535,1,51.99405521432289,5,122.14657409976013,Toyota,28.588762818963357
Parts and Automobilia PARTS AND AUTOMOBILIA – BICYCLES GEN_OTHER,49.71987881325039,1,30.913426650697712,7,-37.82481496624393,Parts and Automobilia,-18.806452162552677
Parts and Automobilia PARTS AND AUTOMOBILIA – BICYCLES GEN_OTHER,49.71987881325039,1,26.40984009829908,4,-46.88273437371927,Parts and Automobilia,-23.310038714951308
Porsche 955/957 CAYENNE GEN_OTHER,49.14353035981449,8,63.36154250519501,25,28.93160511929121,Porsche,14.21801214538052
Parts and Automobilia PARTS AND AUTOMOBILIA – TRAILERS GEN_OTHER,49.080742120843674,2,78.42401423492419,8,59.785714001294565,Parts and Automobilia,29.343272114080513
Parts and Automobilia PARTS AND AUTOMOBILIA – TRAILERS GEN_OTHER,49.080742120843674,2,59.85002052775398,4,21.941963266151998,Parts and Automobilia,10.76927840691031
Parts and Automobilia PARTS AND AUTOMOBILIA – TRAILERS GEN_OTHER,49.080742120843674,2,49.70063720640262,12,1.263010824149064,Parts and Automobilia,0.6198950855589445
Parts and Automobilia PARTS AND AUTOMOBILIA – TRAILERS GEN_OTHER,49.080742120843674,2,28.7359606142946,3,-41.45165828270764,Parts and Automobilia,-20.344781506549072
Parts and Automobilia PARTS AND AUTOMOBILIA – TRAILERS GEN_OTHER,34.0350052470558,1,78.42401423492419,8,130.4216310990822,Parts and Automobilia,44.38900898786839
Parts and Automobilia PARTS AND AUTOMOBILIA – TRAILERS GEN_OTHER,34.0350052470558,1,59.85002052775398,4,75.848424565562,Parts and Automobilia,25.815015280698184
Parts and Automobilia PARTS AND AUTOMOBILIA – TRAILERS GEN_OTHER,34.0350052470558,1,49.70063720640262,12,46.0279992485148,Parts and Automobilia,15.665631959346818
Parts and Automobilia PARTS AND AUTOMOBILIA – TRAILERS GEN_OTHER,34.0350052470558,1,28.7359606142946,3,-15.569395668653797,Parts and Automobilia,-5.299044632761198
Parts and Automobilia PARTS AND AUTOMOBILIA – TRAILERS GEN_OTHER,26.407205413324593,1,78.42401423492419,8,196.97960464742272,Parts and Automobilia,52.0168088215996
Parts and Automobilia PARTS AND AUTOMOBILIA – TRAILERS GEN_OTHER,26.407205413324593,1,59.85002052775398,4,126.64276507484871,Parts and Automobilia,33.44281511442939
Parts and Automobilia PARTS AND AUTOMOBILIA – TRAILERS GEN_OTHER,26.407205413324593,1,49.70063720640262,12,88.20862120201703,Parts and Automobilia,23.293431793078025
Parts and Automobilia PARTS AND AUTOMOBILIA – TRAILERS GEN_OTHER,26.407205413324593,1,28.7359606142946,3,8.8186355372347,Parts and Automobilia,2.328755200970008
MG MG MGB GEN_OTHER,49.05093033361323,2,50.79432225969336,9,3.554248439780216,MG,1.743391926080129
MG MG MGB GEN_OTHER,49.05093033361323,2,43.856649239976875,21,-10.589566922193239,MG,-5.194281093636356
MG MG MGB GEN_OTHER,41.183682789099024,4,50.79432225969336,9,23.336037041199702,MG,9.610639470594336
MG MG MGB GEN_OTHER,41.183682789099024,4,43.856649239976875,21,6.490353144389902,MG,2.6729664508778512
Dodge CHARGER GEN_OTHER,48.73957818672607,1,66.61157404744712,3,36.668343316907034,Dodge,17.87199586072105
Dodge CHARGER GEN_OTHER,48.73957818672607,1,62.945396773899496,5,29.146371625846967,Dodge,14.205818587173425
Dodge CHARGER GEN_OTHER,48.73957818672607,1,59.893858092339975,5,22.885466638387335,Dodge,11.154279905613905
Dodge CHARGER GEN_OTHER,48.73957818672607,1,36.078695857118326,3,-25.976593972772335,Dodge,-12.660882329607745
Dodge CHARGER GEN_OTHER,29.40835635265918,1,66.61157404744712,3,126.50560013845835,Dodge,37.20321769478794
Dodge CHARGER GEN_OTHER,29.40835635265918,1,62.945396773899496,5,114.03915274648736,Dodge,33.53704042124032
Dodge CHARGER GEN_OTHER,29.40835635265918,1,59.893858092339975,5,103.66271876641014,Dodge,30.485501739680796
Dodge CHARGER GEN_OTHER,29.40835635265918,1,36.078695857118326,3,22.681782771093214,Dodge,6.670339504459147
Dodge CHARGER GEN_OTHER,27.167862745011064,1,66.61157404744712,3,145.18518321681103,Dodge,39.44371130243606
Dodge CHARGER GEN_OTHER,27.167862745011064,1,62.945396773899496,5,131.69064627823326,Dodge,35.77753402888843
Dodge CHARGER GEN_OTHER,27.167862745011064,1,59.893858092339975,5,120.45848307790979,Dodge,32.72599534732891
Dodge CHARGER GEN_OTHER,27.167862745011064,1,36.078695857118326,3,32.79916861970893,Dodge,8.910833112107262
Ford FAIRLANE GEN_OTHER,48.72633428514675,1,47.0202029207742,15,-3.501456428854788,Ford,-1.7061313643725455
MG MG TF GEN_OTHER,48.676435073831804,1,41.74693396991192,5,-14.235843470067811,MG,-6.929501103919883
MG MG MIDGET GEN_OTHER,48.66437835744384,1,41.47172978014474,2,-14.780109846402443,MG,-7.192648577299096
MG MG MIDGET GEN_OTHER,48.66437835744384,1,37.925521999209344,6,-22.067180801852057,MG,-10.738856358234493
MG MG MIDGET GEN_OTHER,19.037684565125605,1,41.47172978014474,2,117.8401981515924,MG,22.434045215019136
MG MG MIDGET GEN_OTHER,19.037684565125605,1,37.925521999209344,6,99.21289203774096,MG,18.88783743408374
BMW E82/E88 1-SERIES GEN_OTHER,48.50232800779123,2,52.36598018865314,9,7.9659107914186515,BMW,3.863652180861912
BMW Z3 GEN_OTHER,48.479645878709164,2,55.070611978781216,9,13.595326410927045,BMW,6.590966100072052
BMW Z3 GEN_OTHER,48.479645878709164,2,51.8322788312569,13,6.91554752882408,BMW,3.3526329525477365
BMW Z3 GEN_OTHER,42.825278721669285,5,55.070611978781216,9,28.59370358497137,BMW,12.24533325711193
BMW Z3 GEN_OTHER,42.825278721669285,5,51.8322788312569,13,21.031970785586825,BMW,9.007000109587615
Buick BUICK GRAN SPORT GEN_OTHER,48.460277835110496,1,64.55989709488156,1,33.22230077704291,Buick,16.099619259771067
Buick BUICK GRAN SPORT GEN_OTHER,48.460277835110496,1,48.54354240256228,1,0.17182024365419127,Buick,0.0832645674517849
BMW E28 5-SERIES GEN_UNKNOWN,48.43786050792982,4,25.02964926080264,1,-48.32626999141507,BMW,-23.40821124712718
Mercedes-Benz CLS55 AMG W203,48.421012055676314,1,52.06447902718852,2,7.524557659643312,Mercedes-Benz,3.643466971512204
BMW Z4 M ROADSTER GEN_OTHER,48.413553282318844,2,61.301894999991674,6,26.621350518347082,BMW,12.88834171767283
BMW M3 E36,48.2659644912796,4,70.47004815617322,33,46.00360502255233,BMW,22.204083664893624
Porsche 968 GEN_OTHER,48.22271792435292,1,61.68332963023437,8,27.91342397373192,Porsche,13.460611705881448
BMW M5 E60,48.1710564520713,1,70.81941827919749,10,47.016535436918666,BMW,22.648361827126195
Ford F-150 GEN_OTHER,48.15698529374429,4,56.17028275255457,3,16.639948306421967,Ford,8.013297458810278
Ford F-150 GEN_OTHER,48.15698529374429,4,52.50504180448339,2,9.028921732158183,Ford,4.348056510739099
Ford F-150 GEN_OTHER,48.15698529374429,4,43.17670597966448,8,-10.34175890309886,Ford,-4.980279314079809
Ford F-150 GEN_OTHER,30.26850012201889,1,56.17028275255457,3,85.57339321776757,Ford,25.90178263053568
Ford F-150 GEN_OTHER,30.26850012201889,1,52.50504180448339,2,73.4642998259715,Ford,22.2365416824645
Ford F-150 GEN_OTHER,30.26850012201889,1,43.17670597966448,8,42.64567390392592,Ford,12.908205857645594
Ford F-150 GEN_OTHER,24.07829006516387,1,56.17028275255457,3,133.2818593037092,Ford,32.0919926873907
Ford F-150 GEN_OTHER,24.07829006516387,1,52.50504180448339,2,118.0596780850603,Ford,28.42675173931952
Ford F-150 GEN_OTHER,24.07829006516387,1,43.17670597966448,8,79.3179908656883,Ford,19.098415914500613
Toyota LAND CRUISER 80-SERIES GEN_OTHER,48.0298354066683,4,64.0225165582474,36,33.29738904197606,Toyota,15.992681151579106
Audi B7 RS4 GEN_OTHER,47.76581396017012,3,57.84365803162336,6,21.09844517641158,Audi,10.077844071453242
Dodge DART GEN_OTHER,47.73731909484275,2,82.77051191190023,1,73.38743247699942,Dodge,35.033192817057476
Dodge DART GEN_OTHER,47.73731909484275,2,47.176464421525054,5,-1.1748767713650066,Dodge,-0.5608546733176993
Mercedes-Benz CLK63 AMG CABRIOLET W204,47.507526275515524,1,59.59448609939837,3,25.44219994487954,Mercedes-Benz,12.086959823882843
Alfa Romeo 750/101 SERIES GIULIETTA & GIULIA GEN_OTHER,47.41210793873561,1,54.95110626050298,13,15.900997971887312,Alfa Romeo,7.538998321767373
Auburn AUBURN REPLICA GEN_OTHER,47.33974307069863,1,33.44721669944666,1,-29.346433820953443,Auburn,-13.892526371251968
Chevrolet SUBURBAN (GMT900 2007-2014) GEN_OTHER,47.324761878801155,1,54.25300731144886,2,14.639789314505084,Chevrolet,6.9282454326477065
Ford EXCURSION GEN_OTHER,47.27625678126994,6,59.79758106477238,16,26.48543927966644,Ford,12.521324283502437
Ford EXCURSION GEN_OTHER,47.27625678126994,6,19.412277848735837,1,-58.938631841033036,Ford,-27.863978932534106
Lexus LS GEN_OTHER,47.268807075134944,1,40.45935698894432,2,-14.40580058508105,Lexus,-6.809450086190623
Ford SUPER DUTY 2017-2022 GEN_OTHER,47.25037804666054,2,49.48995167302223,3,4.739800439586056,Ford,2.2395736263616897
Morgan MORGAN 3-WHEELER GEN_OTHER,47.24039966149111,1,48.627797183413094,3,2.936887773735212,Morgan,1.387397521921983
Morgan MORGAN 3-WHEELER GEN_OTHER,47.24039966149111,1,27.39876353078875,1,-42.00141462155461,Morgan,-19.841636130702362
Lincoln LINCOLN ZEPHYR GEN_OTHER,47.1633082986558,1,55.88719158943364,3,18.4971826733081,Lincoln,8.723883290777842
Toyota SW20 MR2 GEN_OTHER,47.05480931203797,2,49.54351335225257,4,5.288947243864228,Toyota,2.4887040402146
Jaguar X350/X356/X358 XJ GEN_OTHER,46.986812540606294,1,33.80121510430115,5,-28.062336479858196,Jaguar,-13.185597436305144
Mini MINI MK VI & MK VII GEN_OTHER,46.93779248331618,1,73.59262912685121,1,56.787580398054224,Mini,26.654836643535027
Mini MINI MK VI & MK VII GEN_OTHER,46.93779248331618,1,61.67794791637464,2,31.403597513235805,Mini,14.740155433058462
BMW E63 GEN_OTHER,46.90114680495714,4,49.47251906524869,27,5.482536004897368,BMW,2.5713722602915468
Puch PUCH G GEN_OTHER,46.790398005309214,1,43.353347234511986,1,-7.345632688158012,Puch,-3.437050770797228
Chevrolet CAMARO 5TH GENERATION 2010-2015 GEN_OTHER,46.789613696647685,1,54.949628334256374,7,17.439799119763467,Chevrolet,8.16001463760869
Chevrolet CAMARO 5TH GENERATION 2010-2015 GEN_OTHER,46.789613696647685,1,42.37565810033763,2,-9.433622651657622,Chevrolet,-4.413955596310053
Dodge VIPER SR I GEN_OTHER,46.71438301943767,2,73.56364072990719,13,57.47535550089071,Dodge,26.849257710469523
Toyota FJ CRUISER GEN_OTHER,46.58125615167732,5,65.65262096426368,21,40.9421436607171,Toyota,19.071364812586353
Volkswagen VOLKSWAGEN BEETLE GEN_OTHER,46.543821190005055,7,47.94057968250594,31,3.0009536320598236,Volkswagen,1.3967584925008865
Volkswagen VOLKSWAGEN BEETLE GEN_OTHER,46.543821190005055,7,42.631833517165624,12,-8.404955959394888,Volkswagen,-3.9119876728394303
Ford A PICKUP & AA GEN_OTHER,46.39940383615824,1,34.5121033725486,4,-25.61951120231005,Ford,-11.887300463609641
MG MG TD GEN_OTHER,46.3588553744348,2,49.36663858334876,8,6.4880445917408,MG,3.0077832089139562
Toyota AW11 MR2 GEN_OTHER,46.34536312951414,1,58.411803292107486,3,26.03591675152733,Toyota,12.066440162593345
Porsche 944 TURBO GEN_OTHER,46.146483593956525,3,64.97055750475114,18,40.792000700265426,Porsche,18.824073910794617
Nissan PICKUP GEN_OTHER,45.929484395248814,1,57.977881096225246,5,26.23237961326381,Nissan,12.048396700976433
Nissan PICKUP GEN_OTHER,45.929484395248814,1,40.44974221736847,1,-11.930772248005468,Nissan,-5.479742177880347
Nissan PICKUP GEN_OTHER,45.929484395248814,1,27.57264005788128,1,-39.96745136391399,Nissan,-18.356844337367534
Nissan PICKUP GEN_OTHER,30.613426992949936,1,57.977881096225246,5,89.38709837868579,Nissan,27.36445410327531
Nissan PICKUP GEN_OTHER,30.613426992949936,1,40.44974221736847,1,32.130722335280424,Nissan,9.83631522441853
Nissan PICKUP GEN_OTHER,30.613426992949936,1,27.57264005788128,1,-9.93285376305282,Nissan,-3.040786935068656
Lotus EVORA GEN_OTHER,45.88560710295241,1,60.10781337562147,4,30.994917950543922,Lotus,14.222206272669055
Cadillac CADILLAC ATS & ATS-V GEN_OTHER,45.8004584771756,1,33.026110099797094,1,-27.891311139919114,Cadillac,-12.774348377378509
TVR TVR VIXEN GEN_OTHER,45.73447093279046,1,60.16294665918424,1,31.548360420736678,TVR,14.428475726393785
Toyota LAND CRUISER 60-SERIES GEN_OTHER,45.71802151129533,6,68.0731787008309,27,48.89791038750962,Toyota,22.35515718953556
BMW 4 SERIES GEN_OTHER,45.70126247417068,1,27.44036017560923,1,-39.95710689367083,BMW,-18.260902298561454
Aston Martin DB11 GEN_OTHER,45.61373753061553,1,56.669800304395416,3,24.23844958190316,Aston Martin,11.056062773779885
MG MG MGA GEN_OTHER,45.60564975532872,1,50.736163904279515,22,11.249733698512491,MG,5.130514148950795
Ford F-SERIES 1973-1979 GEN_OTHER,45.507169978217085,12,64.767606359778,47,42.32395991836079,Ford,19.260436381560915
Ford F-150 SVT LIGHTNING GEN_OTHER,45.42711649432247,1,72.35231506529881,5,59.2712033006574,Ford,26.92519857097634
Ford F-150 SVT LIGHTNING GEN_OTHER,45.42711649432247,1,48.72893855301558,3,7.268394548233713,Ford,3.301822058693112
Ford F-150 SVT LIGHTNING GEN_OTHER,22.5966843270831,1,72.35231506529881,5,220.1899624653403,Ford,49.755630738215714
Ford F-150 SVT LIGHTNING GEN_OTHER,22.5966843270831,1,48.72893855301558,3,115.64641010013955,Ford,26.13225422593248
"Vespa VESPA ET, LX, GT, PX, & SEI GEN_OTHER",45.40177318939726,1,26.324280441686643,4,-42.01926798789835,Vespa,-19.077492747710618
Mercedes-Benz C140 GEN_OTHER,45.38861233169241,1,43.84221514200728,2,-3.407015791503644,Mercedes-Benz,-1.5463971896851305
BMW M5 F10,45.363115024304776,1,50.948873873492396,4,12.313437571901458,BMW,5.58575884918762
BMW M5 F10,45.363115024304776,1,38.50910775760486,2,-15.10920769666646,BMW,-6.854007266699917
Audi C8 RS6 GEN_OTHER,45.31909837149997,1,70.16414197762018,6,54.822457857512504,Audi,24.845043606120207
Toyota CAMRY GEN_OTHER,45.224461612573,2,46.328446981373496,4,2.4411244035541406,Toyota,1.103985368800494
Toyota CAMRY GEN_OTHER,45.224461612573,2,43.20033167180722,5,-4.475741376660296,Toyota,-2.024129940765782
BMW E46 3-SERIES SEDAN GEN_UNKNOWN,45.22310993924418,2,24.574743357338573,1,-45.65888239363909,BMW,-20.64836658190561
Ford F-SERIES 1992-1997 GEN_OTHER,45.18603183645308,12,55.270051376609246,57,22.316674269283915,Ford,10.084019540156163
BMW E92/E93 3-SERIES COUPE & CONVERTIBLE GEN_OTHER,45.071147751703556,4,51.50756427770702,12,14.280569382128027,BMW,6.4364165260034625
Oldsmobile OLDSMOBILE 442 GEN_OTHER,45.04664767285849,1,83.98727964424124,4,86.44512740255533,Oldsmobile,38.94063197138275
Oldsmobile OLDSMOBILE 442 GEN_OTHER,45.04664767285849,1,45.98012448816661,4,2.0722448029591267,Oldsmobile,0.9334768153081185
Porsche 944 GEN_OTHER,45.02256460179237,3,56.52933741783174,22,25.557790671882966,Porsche,11.506772816039373
McLaren SUPER SERIES GEN_OTHER,44.995842704450766,1,69.40962718379883,4,54.25786697608217,McLaren,24.413784479348067
Ford F-SERIES 1957-1960 GEN_OTHER,44.943492317560256,1,26.068033350242377,4,-41.99820261840864,Ford,-18.87545896731788
Chrysler CHRYSLER CORDOBA GEN_OTHER,44.88185927998531,1,23.08683549844311,2,-48.56087544319161,Chrysler,-21.795023781542202
Dodge VIPER GEN_OTHER,44.824180702623806,1,75.74246867396954,5,68.9768055694455,Dodge,30.918287971345734
Dodge VIPER GEN_OTHER,44.824180702623806,1,56.758447807874674,7,26.624618494259035,Dodge,11.934267105250868
Parts and Automobilia PARTS AND AUTOMOBILIA – RACING SIMULATORS GEN_UNKNOWN,44.730215012955185,5,70.93494152100428,3,58.58394935159474,Parts and Automobilia,26.20472650804909
Mazda RX-7 FB GEN_OTHER,44.65778513013476,1,54.47573641418418,13,21.984859426949807,Mazda,9.817951284049421
Triumph TRIUMPH TR6 GEN_OTHER,44.638053201428825,1,58.0360543394402,27,30.014752385264227,Triumph,13.398001138011374
Triumph TRIUMPH TR6 GEN_OTHER,44.638053201428825,1,41.069695524302,2,-7.993981415418463,Triumph,-3.5683576771268264
Triumph TRIUMPH TR6 GEN_OTHER,30.08039017921577,1,58.0360543394402,27,92.93650778353457,Triumph,27.95566416022443
Triumph TRIUMPH TR6 GEN_OTHER,30.08039017921577,1,41.069695524302,2,36.53312101210495,Triumph,10.98930534508623
Honda S2000 AP1,44.62558154636977,1,38.78796735570791,1,-13.081317908644133,Honda,-5.83761419066186
Lexus LX450 GEN_OTHER,44.44609630106295,1,49.9555806660139,6,12.395879106303397,Lexus,5.50948436495095
Mercedes-Benz CL-CLASS W203,44.437914767872115,1,35.144637910139636,4,-20.9129454122167,Mercedes-Benz,-9.29327685773248
Pontiac PONTIAC GRAND PRIX GEN_OTHER,44.32661544002701,1,41.97808439711358,2,-5.298241292730661,Pontiac,-2.348531042913436
Pontiac PONTIAC GRAND PRIX GEN_OTHER,44.32661544002701,1,30.17622032361703,2,-31.923021814185592,Pontiac,-14.150395116409982
Pontiac PONTIAC GRAND PRIX GEN_OTHER,44.32661544002701,1,18.464446921138695,2,-58.34455949807242,Pontiac,-25.862168518888318
Mercedes-Benz 190E 2.3-16 & 2.5-16 GEN_OTHER,44.24216117098609,1,65.36215513594915,4,47.73725651271645,Mercedes-Benz,21.119993964963065
Chevrolet ASTRO GEN_OTHER,44.11619744560574,1,58.457641936168095,3,32.50834233445669,Chevrolet,14.341444490562353
Dodge RAM HD GEN_OTHER,43.99741136374667,2,65.84104758695226,1,49.64754867647617,Dodge,21.843636223205586
Dodge RAM HD GEN_OTHER,43.99741136374667,2,57.193153344663486,11,29.992087197634415,Dodge,13.195741980916814
Dodge RAM HD GEN_OTHER,43.99741136374667,2,51.96932866091579,8,18.119059849366234,Dodge,7.971917297169121
Dodge RAM HD GEN_OTHER,43.99741136374667,2,44.61978089683828,1,1.4145594338407648,Dodge,0.6223695330916073
Dodge RAM HD GEN_OTHER,28.082267882196643,2,65.84104758695226,1,134.45772920887777,Dodge,37.75877970475561
Dodge RAM HD GEN_OTHER,28.082267882196643,2,57.193153344663486,11,103.66287218890294,Dodge,29.110885462466843
Dodge RAM HD GEN_OTHER,28.082267882196643,2,51.96932866091579,8,85.06101031057705,Dodge,23.88706077871915
Dodge RAM HD GEN_OTHER,28.082267882196643,2,44.61978089683828,1,58.889520903423715,Dodge,16.537513014641636
Dodge RAM HD GEN_OTHER,24.761759334257302,1,65.84104758695226,1,165.89809996199557,Dodge,41.07928825269495
Dodge RAM HD GEN_OTHER,24.761759334257302,1,57.193153344663486,11,130.97370656348363,Dodge,32.43139401040618
Dodge RAM HD GEN_OTHER,24.761759334257302,1,51.96932866091579,8,109.87736759486822,Dodge,27.20756932665849
Dodge RAM HD GEN_OTHER,24.761759334257302,1,44.61978089683828,1,80.19632730662994,Dodge,19.858021562580976
Buick BUICK RIVIERA GEN_OTHER,43.92512791315139,1,54.755742350957526,8,24.656990092824287,Buick,10.830614437806133
Buick BUICK RIVIERA GEN_OTHER,43.92512791315139,1,43.232182413285706,5,-1.577560573610112,Buick,-0.6929454998656865
Buick BUICK RIVIERA GEN_OTHER,32.97356354470424,1,54.755742350957526,8,66.05952303796913,Buick,21.782178806253285
Buick BUICK RIVIERA GEN_OTHER,32.97356354470424,1,43.232182413285706,5,31.111647531432993,Buick,10.258618868581465
Ford HOT ROD GEN_OTHER,43.802509504390116,5,51.57833016644057,14,17.751998116160728,Ford,7.775820662050457
Mercedes-Benz W123 GEN_OTHER,43.772064668952865,6,66.56541219029717,15,52.0728178890575,Mercedes-Benz,22.7933475213443
Nissan 350Z GEN_OTHER,43.766579476489,1,46.71152681540802,8,6.728758276622965,Nissan,2.9449473389190217
GMC GMC SUBURBAN (GMT400 1992-1999) GEN_OTHER,43.76005291502243,1,49.163825395197996,6,12.348642472323206,GMC,5.403772480175569
Ford F-SERIES 1961-1966 GEN_OTHER,43.720782033527776,2,37.19091301308651,13,-14.935389342838752,Ford,-6.529869020441268
International Harvester INTERNATIONAL HARVESTER PICKUP GEN_OTHER,43.57447882277427,1,74.7673998840102,1,71.58529924845115,International Harvester,31.192921061235936
International Harvester INTERNATIONAL HARVESTER PICKUP GEN_OTHER,43.57447882277427,1,43.8794177692783,2,0.6998108864233938,International Harvester,0.30493894650403064
Plymouth PLYMOUTH FURY GEN_OTHER,43.46795030117939,1,43.4159852129678,2,-0.11954805287928531,Plymouth,-0.0519650882115954
Volkswagen VOLKSWAGEN GTI MK6 GEN_OTHER,43.39747861072638,1,26.82953433879991,2,-38.17720476468289,Volkswagen,-16.56794427192647
Cadillac CADILLAC CTS & CTS-V GEN_OTHER,43.29666035599768,2,51.68574595949246,16,19.37582606722386,Cadillac,8.389085603494777
Land Rover LR4 GEN_OTHER,43.16258127054349,1,36.63871154253537,12,-15.114642210845645,Land Rover,-6.523869728008123
Land Rover LR4 GEN_OTHER,43.16258127054349,1,27.441644693441148,5,-36.42260521576167,Land Rover,-15.720936577102343
Ford TRACTOR GEN_OTHER,43.11691812134591,1,29.263518858444904,5,-32.12984569980803,Ford,-13.853399262901007
Parts and Automobilia PARTS AND AUTOMOBILIA – KIDDIE RIDES GEN_OTHER,43.04934440969105,1,44.40225874335002,1,3.1427060091405346,Parts and Automobilia,1.3529143336589655
Parts and Automobilia PARTS AND AUTOMOBILIA – KIDDIE RIDES GEN_OTHER,43.04934440969105,1,13.939797984267143,1,-67.61902376118628,Parts and Automobilia,-29.109546425423908
Bentley CONTINENTAL FLYING SPUR GEN_OTHER,43.00922493389779,1,45.93397340723959,6,6.800281748478231,Bentley,2.9247484733418005
Bentley CONTINENTAL FLYING SPUR GEN_OTHER,34.33766234868178,1,45.93397340723959,6,33.771405114311726,Bentley,11.59631105855781
BMW /5 GEN_OTHER,42.96009754424747,1,44.05561283762931,7,2.550076363894425,BMW,1.095515293381844
Jaguar XKE SERIES III GEN_OTHER,42.959414214142846,1,63.27468494757722,3,47.28945006597949,Jaguar,20.315270733434375
Morgan MORGAN PLUS 8 GEN_OTHER,42.93206921898704,1,52.07074411508639,1,21.286360201938983,Morgan,9.138674896099353
Morgan MORGAN PLUS 8 GEN_OTHER,42.93206921898704,1,46.58112762509916,3,8.499609901165197,Morgan,3.6490584061121183
Land Rover 90 / DEFENDER 90 (EURO SPEC) GEN_OTHER,42.92342001332722,4,55.098608184423185,23,28.364907007213578,Land Rover,12.175188171095968
Land Rover 90 / DEFENDER 90 (EURO SPEC) GEN_OTHER,42.92342001332722,4,35.74423213843148,2,-16.725572828695118,Land Rover,-7.179187874895739
"Ford STANDARD, DELUXE, & SUPER DELUXE GEN_OTHER",42.83460100392571,1,50.52735310263476,18,17.959201016029127,Ford,7.69275209870905
Chevrolet SSR GEN_OTHER,42.51604079680309,2,43.70412997909447,11,2.794449247919421,Chevrolet,1.1880891822913782
Nissan PAO GEN_OTHER,42.472227244645225,1,34.13037706534161,1,-19.64071752407411,Nissan,-8.341850179303613
Ford A GEN_OTHER,42.4704553033141,2,47.91137746017779,21,12.811075647778893,Ford,5.440922156863692
Alfa Romeo 105/115 SPIDER SERIES 4 GEN_OTHER,42.371948389741306,1,47.27706525772038,9,11.576330696104254,Alfa Romeo,4.905116867979075
Rover ROVER COOPER GEN_OTHER,42.27581938632522,1,48.55235480550032,2,14.846632212657596,Rover,6.276535419175104
Volkswagen VOLKSWAGEN TOUAREG GEN_OTHER,42.259871850567826,1,44.14373312974123,5,4.457801684384639,Volkswagen,1.8838612791734022
Volkswagen VOLKSWAGEN TOUAREG GEN_OTHER,42.259871850567826,1,41.47344250979197,6,-1.8609364068984675,Volkswagen,-0.7864293407758538
BMW E46 330 ZHP GEN_OTHER,42.25935544251702,1,60.210111821802904,8,42.47759150918255,BMW,17.950756379285885
Ford TAURUS SEDAN & WAGON GEN_OTHER,42.18036066733587,1,34.443603698524846,1,-18.342083487214712,Ford,-7.736756968811022
Chevrolet MONTE CARLO GEN_UNKNOWN,42.05531615780397,1,40.39129363347005,2,-3.956747151989106,Chevrolet,-1.664022524333923
Volkswagen VOLKSWAGEN THING GEN_OTHER,42.01503704441157,1,48.67614586112206,13,15.854106732476351,Volkswagen,6.661108816710488
Bugatti REPLICA GEN_UNKNOWN,41.98705187545843,1,38.05544131036802,2,-9.36386430929305,Bugatti,-3.931610565090409
Honda PRELUDE GEN_OTHER,41.87291251827924,1,73.68255410612554,8,75.96711017883001,Honda,31.809641587846293
Honda PRELUDE GEN_OTHER,41.87291251827924,1,49.67069183088338,1,18.62249087450051,Honda,7.797779312604135
Honda PRELUDE GEN_OTHER,35.09093657762882,1,73.68255410612554,8,109.9760259835859,Honda,38.59161752849672
Honda PRELUDE GEN_OTHER,35.09093657762882,1,49.67069183088338,1,41.54849278816186,Honda,14.579755253254561
Audi RS5 GEN_OTHER,41.76845145194961,1,47.13791749546377,3,12.855315092758916,Audi,5.369466043514159
Audi RS5 GEN_OTHER,41.76845145194961,1,23.831748208410144,1,-42.94318467653471,Audi,-17.936703243539466
Audi RS5 GEN_OTHER,34.85204280226642,1,47.13791749546377,3,35.251519582084306,Audi,12.28587469319735
Audi RS5 GEN_OTHER,34.85204280226642,1,23.831748208410144,1,-31.620225696324542,Audi,-11.020294593856274
Ford F-150 RAPTOR GEN_OTHER,41.76780002308862,2,61.39063055345271,4,46.980761542424744,Ford,19.62283053036409
Ford F-150 RAPTOR GEN_OTHER,41.76780002308862,2,45.0095653964681,6,7.7613984255514525,Ford,3.2417653733794793
Toyota LAND CRUISER FJ43 GEN_UNKNOWN,41.735885417511454,2,39.37523555286787,1,-5.656163373625487,Toyota,-2.360649864643584
Chevrolet SILVERADO GMT900 GEN_OTHER,41.722446936032426,1,33.215549137250626,1,-20.389259076353586,Chevrolet,-8.5068977987818
Volkswagen VOLKSWAGEN KARMANN GHIA GEN_OTHER,41.627027990691204,1,52.836914255804984,7,26.92934568285917,Volkswagen,11.20988626511378
Volkswagen VOLKSWAGEN KARMANN GHIA GEN_OTHER,41.627027990691204,1,52.118817584570905,11,25.204272561149253,Volkswagen,10.491789593879702
Mercedes-Benz W114 & W115 GEN_OTHER,41.48143908221081,1,54.7893374210286,5,32.08157342960851,Mercedes-Benz,13.307898338817786
Mercedes-Benz W114 & W115 GEN_OTHER,41.48143908221081,1,29.65912205665625,1,-28.50025767458132,Mercedes-Benz,-11.822317025554561
Austin-Healey AUSTIN-HEALEY 3000 GEN_OTHER,41.438458199315164,1,55.61135977282968,15,34.20228982783135,Austin-Healey,14.172901573514515
Nissan R32 SKYLINE GEN_UNKNOWN,41.34292407573864,1,20.648923334707803,1,-50.054516470872315,Nissan,-20.694000741030834
Ford MUSTANG S197 2005-2014 GEN_OTHER,41.33529752646672,3,54.35048341804114,28,31.486856682816622,Ford,13.015185891574419
Mercedes-Benz W201 190 GEN_OTHER,41.309465753179275,2,53.87674139861644,5,30.42226621986743,Mercedes-Benz,12.567275645437164
Bentley ARNAGE GEN_OTHER,41.30216754605407,1,57.31866862488885,6,38.77883905481605,Bentley,16.01650107883478
Mercedes-Benz SPRINTER W221,41.297522855777046,1,86.53521652178357,4,109.5409374164879,Mercedes-Benz,45.23769366600652
BMW OTHER MOTORCYCLES GEN_OTHER,41.2008559851739,1,17.79444876031897,1,-56.81048770753139,BMW,-23.40640722485493
GMC GMC SIERRA HD (GMT800 2000-2007) GEN_OTHER,41.089271178301054,1,54.530610971807214,3,32.71252910566209,GMC,13.44133979350616
Toyota 4RUNNER (N180) GEN_OTHER,40.98626276040242,2,58.018523874375646,8,41.55602381593183,Toyota,17.032261113973227
Toyota 4RUNNER (N180) GEN_OTHER,40.98626276040242,2,57.4094681679633,12,40.070024201932455,Toyota,16.42320540756088
Toyota 4RUNNER (N180) GEN_OTHER,35.27011289966399,3,58.018523874375646,8,64.49769820535043,Toyota,22.748410974711653
Toyota 4RUNNER (N180) GEN_OTHER,35.27011289966399,3,57.4094681679633,12,62.77086589226716,Toyota,22.139355268299305
Mercedes-Benz GL & GLS-CLASS W222,40.93067003227304,1,49.76640287506436,14,21.587071102976108,Mercedes-Benz,8.835732842791316
Mercedes-Benz GL & GLS-CLASS W222,40.93067003227304,1,45.58721446821689,4,11.376663104396423,Mercedes-Benz,4.65654443594385
BMW F32/F33/F36 4-SERIES GEN_OTHER,40.801240176247006,2,41.71700081543821,4,2.244443147402975,BMW,0.9157606391912054
BMW F32/F33/F36 4-SERIES GEN_OTHER,40.801240176247006,2,37.23103594763863,3,-8.750234584013498,BMW,-3.5702042286083753
Ford RANGER 1983-1992 GEN_OTHER,40.798397941000765,1,63.579804403503985,3,55.838973126954116,Ford,22.78140646250322
Volkswagen VOLKSWAGEN SPLIT-WINDOW BUS GEN_OTHER,40.7936382374071,2,65.9916428660325,7,61.76944670142033,Volkswagen,25.198004628625405
Volkswagen VOLKSWAGEN SPLIT-WINDOW BUS GEN_OTHER,40.7936382374071,2,41.1384142209496,3,0.8451709590990674,Volkswagen,0.3447759835424975
Ford ECONOLINE VAN GEN_OTHER,40.682699052344475,1,73.19731174808375,8,79.92245709633052,Ford,32.514612695739274
Ford ECONOLINE VAN GEN_OTHER,40.682699052344475,1,62.28465643728741,5,53.09863378815829,Ford,21.601957384942935
Ford ECONOLINE VAN GEN_OTHER,40.682699052344475,1,51.53710816525756,1,26.680651396671678,Ford,10.854409112913082
Ford ECONOLINE VAN GEN_OTHER,40.682699052344475,1,28.16006229878041,2,-30.78123390351213,Ford,-12.522636753564065
Ford GALAXIE GEN_OTHER,40.61773104195804,2,54.349335735091834,10,33.80692210244111,Ford,13.731604693133797
Willys WILLYS CJ-2A GEN_OTHER,40.40007273621723,1,28.597144787499108,1,-29.21511559096085,Willys,-11.802927948718125
Jaguar XK GEN_OTHER,40.36575121683491,1,40.66393603984007,9,0.7387074785339248,Jaguar,0.29818482300515825
Jaguar MK II GEN_OTHER,40.3465432666273,1,44.22931725618488,1,9.623560471831597,Jaguar,3.8827739895575775
Parts and Automobilia PARTS AND AUTOMOBILIA – BICYCLES GEN_UNKNOWN,40.23119903288893,6,38.206814347016596,3,-5.031877583905475,Parts and Automobilia,-2.0243846858723344
Mercedes-Benz W201 190 GEN_UNKNOWN,40.201889961701596,2,35.180105216256386,1,-12.491414583317408,Mercedes-Benz,-5.02178474544521
Mercedes-Benz CLK-CLASS GEN_OTHER,40.192144268401265,1,44.218968519736094,3,10.018933611612969,Mercedes-Benz,4.02682425133483
Mercedes-Benz CLK-CLASS GEN_OTHER,40.192144268401265,1,20.879033261055795,1,-48.05195482573265,Mercedes-Benz,-19.31311100734547
Honda VF & VFR GEN_OTHER,40.08825876770496,1,22.920581656813873,1,-42.82470139292091,Honda,-17.167677110891084
Land Rover RANGE ROVER L405 GEN_OTHER,40.00059545054555,5,42.120516317320416,5,5.299723273859287,Land Rover,2.119920866774862
Land Rover RANGE ROVER L405 GEN_OTHER,40.00059545054555,5,40.68931947657184,29,1.7217844341286985,Land Rover,0.6887240260262857
Audi TT GEN_OTHER,39.88419880879847,3,44.60164224846063,12,11.8278505788149,Audi,4.717443439662155
Audi TT GEN_OTHER,39.88419880879847,3,23.412498423240233,2,-41.29881225525477,Audi,-16.47170038555824
Mini MINI MK I-III COOPER GEN_OTHER,39.568624858884526,1,41.364689724795085,1,4.539113684935856,Mini,1.7960648659105587
Mini MINI MK I-III COOPER GEN_OTHER,39.568624858884526,1,39.02296671567837,3,-1.379017201512968,Mini,-0.545658143206154
GMC GMC YUKON GMT800 GEN_OTHER,39.56490077506653,1,51.735387714535314,5,30.760817545480915,GMC,12.17048693946878
BMW I3 GEN_OTHER,39.4890435582635,1,63.65364199862579,1,61.19317223955804,BMW,24.164598440362283
BMW I3 GEN_OTHER,39.4890435582635,1,54.33635459307873,1,37.59855822516691,BMW,14.847311034815228
BMW F01/F02 7-SERIES GEN_OTHER,39.47756162895303,2,42.84839370717083,3,8.538602535536569,BMW,3.370832078217795
Mercedes-Benz SL55 AMG R230,39.430545392542044,1,59.88522969156428,10,51.87522540048626,Mercedes-Benz,20.454684299022233
Cadillac CADILLAC XLR GEN_OTHER,39.376120860265516,3,46.699003477394605,11,18.597267727605484,Cadillac,7.322882617129089
BMW R NINET GEN_OTHER,39.35276735246793,1,45.4077867116496,6,15.386514765147622,BMW,6.055019359181671
Aston Martin DBX GEN_OTHER,39.319080555339006,1,54.98776479370177,3,39.8500779190656,Aston Martin,15.668684238362765
MG MG MGB GEN_UNKNOWN,39.31588499618898,18,71.53735702992981,1,81.95535223705168,MG,32.22147203374083
Willys WILLYS JEEP WAGON GEN_OTHER,39.28571125933991,1,24.928584987191243,3,-36.545415144381174,Willys,-14.357126272148669
Mini MINI MK I & MK II GEN_OTHER,39.152246342671724,1,49.735414984126294,3,27.030808267877234,Mini,10.58316864145457
Mercedes-Benz W124 E-CLASS GEN_OTHER,39.06433530796522,4,52.08477700713592,39,33.33076474109576,Mercedes-Benz,13.020441699170696
Mercedes-Benz M-CLASS & GLE-CLASS W212,39.06012979567836,2,42.33715539439959,7,8.38969459616031,Mercedes-Benz,3.277025598721231
Mercedes-Benz M-CLASS & GLE-CLASS W212,34.090589485604916,1,42.33715539439959,7,24.190153450637354,Mercedes-Benz,8.246565908794672
Subaru FORESTER GEN_OTHER,39.003995784977995,1,27.263649690001415,3,-30.100367561567268,Subaru,-11.74034609497658
Jeep JEEP WRANGLER JK GEN_OTHER,38.97431727917438,1,40.79939701139305,15,4.68277537524406,Jeep,1.8250797322186685
Jeep JEEP WRANGLER JK GEN_OTHER,38.97431727917438,1,38.594691617798034,12,-0.9740405679388121,Jeep,-0.3796256613763447
Jeep JEEP WRANGLER JK GEN_OTHER,23.861548090155253,2,40.79939701139305,15,70.98386432113337,Jeep,16.937848921237794
Jeep JEEP WRANGLER JK GEN_OTHER,23.861548090155253,2,38.594691617798034,12,61.74429032004571,Jeep,14.733143527642781
Ford MUSTANG SN95 1994-2004 GEN_OTHER,38.94122245654896,4,48.651168027791904,12,24.934876099684367,Ford,9.709945571242947
Ford MUSTANG SN95 1994-2004 GEN_OTHER,38.94122245654896,4,39.716709849448314,10,1.991430530370881,Ford,0.7754873928993575
Ford MUSTANG SN95 1994-2004 GEN_OTHER,34.13874700731013,2,48.651168027791904,12,42.510116195460334,Ford,14.512421020481774
Ford MUSTANG SN95 1994-2004 GEN_OTHER,34.13874700731013,2,39.716709849448314,10,16.339096572418946,Ford,5.577962842138184
Ford SUPER DUTY 1999-2007 GEN_OTHER,38.92429365782609,4,54.902551753270735,5,41.049577510399004,Ford,15.978258095444644
Ford SUPER DUTY 1999-2007 GEN_OTHER,38.92429365782609,4,54.15095755030879,21,39.118664621987904,Ford,15.226663892482698
Ford SUPER DUTY 1999-2007 GEN_OTHER,37.881296933032125,1,54.902551753270735,5,44.93313639796804,Ford,17.02125482023861
Ford SUPER DUTY 1999-2007 GEN_OTHER,37.881296933032125,1,54.15095755030879,21,42.949059125506544,Ford,16.269660617276664
BMW X3 GEN_OTHER,38.915953434457705,2,37.68516025727668,2,-3.16269567763239,BMW,-1.2307931771810274
BMW K1200 & K1300 GEN_OTHER,38.86499290001083,1,34.87357329627422,4,-10.269960974920176,BMW,-3.9914196037366096
BMW K1200 & K1300 GEN_OTHER,38.86499290001083,1,17.825132896079165,1,-54.135761861739084,BMW,-21.03986000393167
Dodge RAM GEN_OTHER,38.824623682598315,3,64.2373911507439,14,65.45528341987745,Dodge,25.41276746814559
Mercedes-Benz SLK & SLC-CLASS W203,38.75841614189028,2,34.86674696664609,1,-10.040836449552579,Mercedes-Benz,-3.891669175244189
Ford S550 SHELBY MUSTANG GEN_OTHER,38.73786050747803,2,49.75914743273451,19,28.45094380761918,Ford,11.021286925256476
Subaru BRZ GEN_OTHER,38.7375010675562,1,32.21259098544553,1,-16.843910686782728,Subaru,-6.524910082110672
Subaru BRZ GEN_OTHER,38.7375010675562,1,25.62494288761179,2,-33.849778169936116,Subaru,-13.112558179944411
Subaru BRZ GEN_OTHER,27.13722686454646,1,32.21259098544553,1,18.70258942165458,Subaru,5.075364120899071
Subaru BRZ GEN_OTHER,27.13722686454646,1,25.62494288761179,2,-5.5727285049541955,Subaru,-1.5122839769346683
Jeep JEEP PICKUP GEN_OTHER,38.72403478072027,1,42.70170414879601,4,10.271836058922576,Jeep,3.9776693680757447
Jeep JEEP PICKUP GEN_OTHER,38.72403478072027,1,40.4652532458923,7,4.496479964011761,Jeep,1.7412184651720324
Mazda NC MX-5 MIATA GEN_OTHER,38.606218696043,2,59.91579872600469,9,55.19727326247012,Mazda,21.309580029961687
Mazda NC MX-5 MIATA GEN_OTHER,38.606218696043,2,45.956333446058835,1,19.038680809133982,Mazda,7.350114750015834
Mercedes-Benz SL63 R232,38.60123032468673,1,58.14433346452329,2,50.6281871729309,Mercedes-Benz,19.54310313983656
Mazda NA MX-5 MIATA GEN_OTHER,38.54492723017539,3,51.75644653964754,28,34.27563692253995,Mazda,13.211519309472152
Mitsubishi MITSUBISHI PAJERO & MONTERO GEN_OTHER,38.507488246029766,1,44.007354773305,2,14.282589641099975,Mitsubishi,5.499866527275238
Mitsubishi MITSUBISHI PAJERO & MONTERO GEN_OTHER,38.507488246029766,1,25.63897054224611,1,-33.418221467899656,Mitsubishi,-12.868517703783656
Mitsubishi MITSUBISHI PAJERO & MONTERO GEN_OTHER,22.90902929584376,2,44.007354773305,2,92.09611286886337,Mitsubishi,21.098325477461245
Mitsubishi MITSUBISHI PAJERO & MONTERO GEN_OTHER,22.90902929584376,2,25.63897054224611,1,11.916442251429777,Mitsubishi,2.729941246402351
Chevrolet CAMARO 6TH GENERATION 2016-2024 GEN_OTHER,38.48964196416867,1,50.44959222756115,11,31.07316580010385,Chevrolet,11.959950263392479
Mercedes-Benz W126 S-CLASS GEN_OTHER,38.48404993549402,3,48.4307545112749,23,25.84630409858965,Mercedes-Benz,9.946704575780878
Lincoln LINCOLN NAVIGATOR GEN_OTHER,38.43580221770755,1,49.22333529944342,5,28.066366406594756,Lincoln,10.787533081735873
BMW E39 5-SERIES GEN_OTHER,38.33372162160887,1,57.65079707295099,15,50.39186031040881,BMW,19.31707545134212
BMW E39 5-SERIES GEN_OTHER,38.33372162160887,1,38.87472527613883,2,1.4112995859629582,BMW,0.541003654529959
Chrysler CHRYSLER TOWN & COUNTRY GEN_OTHER,38.146706914853176,2,38.915671799719014,2,2.0158093504171553,Chrysler,0.7689648848658379
Mini MINI MK III-MK V GEN_UNKNOWN,38.02101137353421,1,88.64370877256653,1,133.14400530194717,Mini,50.62269739903232
Porsche MACAN GEN_OTHER,37.8439675811993,1,50.77905444590724,19,34.1800495335326,Porsche,12.935086864707941
GMC GMC C/K 1973-1991 GEN_OTHER,37.84228838915837,3,50.3981703836751,10,33.17949978446317,GMC,12.555881994516731
Lexus SC GEN_OTHER,37.81321493838019,1,55.95660436265613,5,47.98161027524931,Lexus,18.143389424275938
Lexus SC GEN_OTHER,37.81321493838019,1,48.05584506521643,13,27.08743528823842,Lexus,10.24263012683624
Lexus SC GEN_OTHER,29.332340924974066,2,55.95660436265613,5,90.7676053056294,Lexus,26.624263437682064
Lexus SC GEN_OTHER,29.332340924974066,2,48.05584506521643,13,63.83228733135598,Lexus,18.723504140242365
BMW /6 GEN_OTHER,37.73917246659408,1,37.84167979500845,7,0.27162049858171416,BMW,0.10250732841437582
Mercedes-Benz 500E & E500 GEN_OTHER,37.67341871436408,1,94.28195121868741,5,150.2612038836276,Mercedes-Benz,56.60853250432333
Honda GOLD WING GEN_OTHER,37.570826996757376,1,36.60627727087171,4,-2.5672837224714677,Honda,-0.9645497258856679
Honda GOLD WING GEN_OTHER,37.570826996757376,1,18.885469864016585,1,-49.733686017487635,Honda,-18.68535713274079
Ford MUSTANG 1967-1968 GEN_OTHER,37.5674131203043,2,85.01346876912723,29,126.29577526907077,Ford,47.44605564882293
Land Rover DEFENDER GEN_OTHER,37.49402198458275,1,4.2437512974233265,1,-88.68152555314465,Land Rover,-33.25027068715943
Land Rover DEFENDER GEN_OTHER,35.238417105500275,5,4.2437512974233265,1,-87.95703199517173,Land Rover,-30.99466580807695
Mazda RX-8 GEN_OTHER,37.43623290602869,1,29.82883294483406,3,-20.32095478273816,Mazda,-7.607399961194634
Mini MINI MK III-MK V GEN_OTHER,37.41543853988985,2,56.88502476614285,9,52.03623687450789,Mini,19.469586226253
Mini MINI MK III-MK V GEN_OTHER,37.41543853988985,2,43.24105690780411,1,15.570092441127942,Mini,5.8256183679142595
Maserati COUPE & SPYDER GEN_UNKNOWN,37.33686476936276,5,23.18713288096247,1,-37.89748275814266,Maserati,-14.149731888400293
Buick BUICK SUPER GEN_OTHER,37.188609986667906,1,51.34119029688732,7,38.05622290075672,Buick,14.152580310219413
Bentley BENTAYGA GEN_OTHER,37.15819902735946,1,41.26983476086017,4,11.065218016818655,Bentley,4.111635733500712
Harley-Davidson HARLEY-DAVIDSON V-ROD GEN_OTHER,37.13721817663696,1,30.544074774392705,8,-17.753465999755473,Harley-Davidson,-6.593143402244252
Parts and Automobilia PARTS AND AUTOMOBILIA – TIMERS GEN_UNKNOWN,37.056194170974926,1,26.67709027674088,3,-28.00909301787852,Parts and Automobilia,-10.379103894234046
Parts and Automobilia PARTS AND AUTOMOBILIA – WHEELS: CAMPAGNOLO GEN_UNKNOWN,36.99020393857089,1,57.139702474096055,1,54.47252620987748,Parts and Automobilia,20.14949853552516
Chevrolet TAHOE GMT800 GEN_OTHER,36.91659384922853,1,52.96701700741021,5,43.47752997942711,Chevrolet,16.05042315818168
"Chevrolet STANDARD, MASTER, MASTER DELUXE, & SPECIAL DELUXE GEN_OTHER",36.833149527290544,1,54.90499158964292,7,49.06406944364756,Chevrolet,18.071842062352374
Mitsubishi MITSUBISHI LANCER EVOLUTION GEN_OTHER,36.81435329965471,1,66.45183050123902,4,80.50522295026238,Mitsubishi,29.637477201584304
Mitsubishi MITSUBISHI LANCER EVOLUTION GEN_OTHER,36.81435329965471,1,39.80514599166011,1,8.123985413138985,Mitsubishi,2.9907926920053995
Mitsubishi MITSUBISHI LANCER EVOLUTION GEN_OTHER,36.81435329965471,1,12.377346717961581,1,-66.37901902767454,Mitsubishi,-24.437006581693133
Chevrolet EL CAMINO GEN_OTHER,36.66018387055542,1,55.991444818413186,8,52.730943783902205,Chevrolet,19.331260947857764
Chevrolet EL CAMINO GEN_OTHER,36.66018387055542,1,52.19249778036715,9,42.36834699098961,Chevrolet,15.532313909811727
Volvo VOLVO 850 GEN_OTHER,36.63704116101381,1,38.37413945468528,2,4.741371679108043,Volvo,1.7370982936714654
Subaru WRX GEN_OTHER,36.62183901247558,1,7.96261302761767,1,-78.25720050567332,Subaru,-28.659225984857912
Toyota LAND CRUISER 70-SERIES GEN_OTHER,36.595162947708836,1,67.6573636524254,10,84.88061864651793,Toyota,31.062200704716567
Ford MUSTANG GEN_OTHER,36.5560336058882,2,25.963040698110763,1,-28.97741320073409,Ford,-10.59299290777744
Ford MUSTANG GEN_OTHER,36.5560336058882,2,14.280114026715053,1,-60.936369134930146,Ford,-22.27591957917315
Ford MUSTANG GEN_OTHER,29.136292731440864,1,25.963040698110763,1,-10.891063123847108,Ford,-3.173252033330101
Ford MUSTANG GEN_OTHER,29.136292731440864,1,14.280114026715053,1,-50.988568935863846,Ford,-14.856178704725812
Jeep JEEP WRANGLER TJ GEN_OTHER,36.53996515179192,4,45.377211348886455,40,24.18515223094338,Jeep,8.837246197094537
Jeep JEEP WRANGLER TJ GEN_OTHER,36.53996515179192,4,44.21631536015668,6,21.008093949942676,Jeep,7.6763502083647595
Acura LEGEND GEN_OTHER,36.418643172342,1,43.78078041830696,7,20.215298003073617,Acura,7.362137245964959
Ford EXPLORER SPORT TRAC GEN_OTHER,36.4176126150135,1,45.85464033377193,1,25.913361807983883,Ford,9.43702771875843
Volkswagen VOLKSWAGEN SUPER BEETLE GEN_OTHER,36.38331062366828,3,48.80587213113288,21,34.143571034416546,Volkswagen,12.4225615074646
BMW X6 GEN_OTHER,36.37688497284426,2,66.07683716403814,1,81.64512220704223,BMW,29.69995219119388
BMW X6 GEN_OTHER,36.37688497284426,2,45.51907868769795,2,25.131876249652596,BMW,9.14219371485369
Land Rover RANGE ROVER SPORT L320 GEN_OTHER,36.23542913168163,5,41.58422318031156,15,14.761227276189029,Land Rover,5.348794048629934
Jaguar XK120 GEN_OTHER,36.21716466319719,2,66.23428829799312,12,82.88093204959924,Jaguar,30.01712363479593
BMW E46 3-SERIES CONVERTIBLE GEN_OTHER,36.16804777658914,3,49.138686435833,21,35.86214754902944,BMW,12.97063865924386
Morris MORRIS MINOR GEN_OTHER,36.146810845351055,1,28.00515425413946,1,-22.523858677448768,Morris,-8.141656591211596
Caterham CATERHAM SEVEN GEN_OTHER,36.074531406049225,1,40.157608421264364,1,11.318447824745578,Caterham,4.083077015215139
Caterham CATERHAM SEVEN GEN_OTHER,36.074531406049225,1,36.26802711144132,1,0.5363775989607136,Caterham,0.19349570539209537
"Audi C3 100, 200, & 5000 GEN_OTHER",36.0587699015098,1,28.681639347010982,1,-20.458630659472195,Audi,-7.377130554498816
"BMW R69, R69S, & R50S GEN_OTHER",36.05267849986172,2,40.382421010826,8,12.009489145115491,BMW,4.32974251096428
Ford F-SERIES 1948-1952 GEN_OTHER,35.98029343446356,2,48.49040511180654,7,34.76934311313933,Ford,12.510111677342977
Audi A8 GEN_OTHER,35.93995278986396,1,35.37020625826215,2,-1.5852734557917734,Audi,-0.5697465316018082
Audi A8 GEN_OTHER,35.93995278986396,1,17.23119327183881,1,-52.05560404437016,Audi,-18.70875951802515
Fisker FISKER KARMA GEN_OTHER,35.91955900536103,1,53.31737762118173,2,48.43550170876,Fisker,17.397818615820697
Toyota RAV4 GEN_OTHER,35.882672372621265,1,49.77214463578838,2,38.70802073751029,Toyota,13.889472263167114
Audi Q5 GEN_OTHER,35.808068205996356,1,47.98566646940013,1,34.007973268338816,Audi,12.177598263403773
Audi Q5 GEN_OTHER,35.808068205996356,1,45.600782001486955,4,27.347785809486165,Audi,9.792713795490599
Honda CT70 GEN_OTHER,35.717718574985625,3,38.504197830110954,11,7.801392043770674,Honda,2.786479255125329
Honda CT70 GEN_OTHER,35.717718574985625,3,22.675291942723202,2,-36.5152847175309,Honda,-13.042426632262423
Land Rover RANGE ROVER GEN_OTHER,35.708288152383346,1,23.647472479835177,1,-33.775955937958265,Land Rover,-12.06081567254817
Land Rover RANGE ROVER GEN_OTHER,35.708288152383346,1,5.846928949747762,1,-83.62584920118186,Land Rover,-29.861359202635583
Land Rover RANGE ROVER GEN_OTHER,12.133051335553565,1,23.647472479835177,1,94.90128102022302,Land Rover,11.514421144281611
Land Rover RANGE ROVER GEN_OTHER,12.133051335553565,1,5.846928949747762,1,-51.809905125724924,Land Rover,-6.286122385805803
Lexus GX GEN_OTHER,35.63039847555922,1,52.51587853956685,7,47.39065737811009,Lexus,16.88548006400763
Lexus GX GEN_OTHER,35.63039847555922,1,51.28965228811132,5,43.9491402918034,Lexus,15.659253812552102
Mercedes-Benz X204 GLK-CLASS GEN_OTHER,35.62662714558605,1,31.64894397629343,1,-11.1649164907979,Mercedes-Benz,-3.977683169292618
Mercedes-Benz X204 GLK-CLASS GEN_OTHER,35.62662714558605,1,25.8951300938712,2,-27.315235348964354,Mercedes-Benz,-9.73149705171485
Mercedes-Benz X204 GLK-CLASS GEN_OTHER,27.096012045334252,2,31.64894397629343,1,16.802959503198046,Mercedes-Benz,4.552931930959179
Mercedes-Benz X204 GLK-CLASS GEN_OTHER,27.096012045334252,2,25.8951300938712,2,-4.431950906479748,Mercedes-Benz,-1.200881951463053
DeTomaso DETOMASO PANTERA GEN_UNKNOWN,35.591656911780554,2,24.763910234178912,1,-30.422148382807503,DeTomaso,-10.827746677601642
Alfa Romeo 105/115 SPIDER SERIES 2 GEN_OTHER,35.53463873611976,2,39.16285610524037,7,10.210367962549883,Alfa Romeo,3.6282173691206125
Ford T GEN_UNKNOWN,35.47162568286249,3,53.24333561728483,2,50.10119945815858,Ford,17.77170993442234
Land Rover RANGE ROVER SPORT L494 GEN_OTHER,35.45159533384877,1,38.76552548788908,13,9.347760299171092,Land Rover,3.3139301540403068
Land Rover RANGE ROVER SPORT L494 GEN_OTHER,35.45159533384877,1,32.03959650030448,3,-9.624387284728364,Land Rover,-3.4119988335442955
Cadillac CADILLAC DTS GEN_OTHER,35.43467249105199,1,46.14868709530228,6,30.23596339702534,Cadillac,10.714014604250288
Volkswagen VOLKSWAGEN PASSAT GEN_OTHER,35.430576362642064,1,32.33663066793943,2,-8.732417059872848,Volkswagen,-3.093945694702633
Mazda NB MIATA GEN_OTHER,35.38151235199047,1,37.30081910596091,2,5.424603490309717,Mazda,1.9193067539704387
Mazda NB MIATA GEN_OTHER,35.38151235199047,1,34.73176142731523,2,-1.8364136564068958,Mazda,-0.6497509246752458
BMW E90 3-SERIES SEDAN GEN_OTHER,35.357490981944466,4,51.96283885101588,9,46.96415782882062,BMW,16.605347869071416
Mercedes-Benz CLK-CLASS W203,35.31984283955366,2,43.35906621898458,15,22.76120937443139,Mercedes-Benz,8.039223379430922
Mercedes-Benz W211 E-CLASS W211,35.163325979657685,2,53.090522174735256,19,50.98265222535724,Mercedes-Benz,17.92719619507757
Land Rover 127 / DEFENDER 130 GEN_OTHER,35.133568458437395,2,53.1041044225191,1,51.149190795522635,Land Rover,17.970535964081705
Lexus LX470 GEN_OTHER,35.10908970048601,4,55.669033667628725,14,58.56017385394674,Lexus,20.559943967142715
Lexus LX470 GEN_OTHER,35.10908970048601,4,43.040285581955445,1,22.590149585563434,Lexus,7.931195881469435
BMW G11/G12 7-SERIES GEN_OTHER,34.97410819183111,1,63.48505653945364,7,81.5201582589083,BMW,28.51094834762253
Land Rover RANGE ROVER L322 GEN_OTHER,34.942721604948964,3,48.29014087276701,25,38.197995619000785,Land Rover,13.347419267818047
Chevrolet TAHOE GMT400 GEN_OTHER,34.93832620578129,1,54.54447182220269,8,56.11644215851745,Chevrolet,19.6061456164214
Chevrolet TAHOE GMT400 GEN_OTHER,34.93832620578129,1,37.01540830444315,1,5.944996009334197,Chevrolet,2.0770820986618617
Parts and Automobilia PARTS AND AUTOMOBILIA – SCALE S GEN_UNKNOWN,34.87880926365068,31,45.456911661108784,19,30.32816377846415,Parts and Automobilia,10.578102397458103
Suzuki SUZUKI SAMURAI GEN_OTHER,34.82214657420957,1,41.968846411868135,7,20.52343275974735,Suzuki,7.146699837658566
Lincoln LINCOLN TOWN CAR GEN_OTHER,34.77395068639597,2,45.14525010637377,9,29.82490978235381,Lincoln,10.371299419977802
Lincoln LINCOLN TOWN CAR GEN_OTHER,34.77395068639597,2,42.7849164271691,7,23.037260888240482,Lincoln,8.01096574077313
Ford MUSTANG S550 GEN_OTHER,34.76962133749104,3,45.373195154321586,23,30.496661766623934,Ford,10.603573816830547
Hummer HUMMER HMMWV/HUMVEE GEN_OTHER,34.757832485227354,1,49.5062312087654,6,42.43187123307058,Hummer,14.748398723538045
Hummer HUMMER HMMWV/HUMVEE GEN_OTHER,34.757832485227354,1,44.05527187614737,6,26.749192127764534,Hummer,9.297439390920019
BMW Z4 ROADSTER E85 GEN_OTHER,34.707983797680775,4,47.28777425306141,7,36.24465923664868,BMW,12.579790455380632
Jaguar X351 XJ GEN_OTHER,34.6488168736955,1,45.659282701361306,1,31.777321193395984,Jaguar,11.010465827665804
Volkswagen BEETLE GEN_OTHER,34.64311603896934,1,34.02067894182103,1,-1.796712213901717,Volkswagen,-0.6224370971483069
Ford RANGER 1998-2011 GEN_OTHER,34.63320903336914,2,45.39309919884352,9,31.06812930649081,Ford,10.759890165474381
Ford RANGER 1998-2011 GEN_OTHER,34.63320903336914,2,44.0313309520966,3,27.136156830492837,Ford,9.398121918727462
Volvo VOLVO C70 GEN_OTHER,34.603508863544214,1,31.737539309696125,1,-8.282309072035957,Volvo,-2.865969553848089
Audi B6 S4 GEN_OTHER,34.57491095628084,1,41.06307383387919,4,18.765523028540777,Audi,6.488162877598349
Mercedes-Benz SLK55 AMG R230,34.41744209919785,1,31.162575793484507,1,-9.457025587003752,Mercedes-Benz,-3.2548663057133425
Alfa Romeo 105/115 SERIES COUPE GEN_OTHER,34.41106549148844,1,80.81185401043612,14,134.84263813459913,Alfa Romeo,46.40078851894768
Alfa Romeo 105/115 SERIES COUPE GEN_OTHER,34.41106549148844,1,58.21878162732226,2,69.18622191958177,Alfa Romeo,23.807716135833815
Honda CBR GEN_OTHER,34.373524645299476,1,36.33644266171771,4,5.710552050374798,Honda,1.9629180164182358
Maserati COUPE & SPYDER GEN_OTHER,34.31034294675814,1,44.81234615508134,7,30.6088552499167,Maserati,10.502003208323202
Mazda ND MX-5 MIATA GEN_OTHER,34.095506550157616,1,49.52905301541229,7,45.26563182908138,Mazda,15.433546465254672
Rolls-Royce SZ SILVER SPIRIT & SILVER SPUR GEN_OTHER,34.08171885471152,1,61.60190267216556,3,80.74764050126421,Rolls-Royce,27.52018381745404
Oldsmobile OLDSMOBILE CUTLASS GEN_OTHER,33.92996043616599,1,52.88130799567813,10,55.854316703864676,Oldsmobile,18.951347559512136
Oldsmobile OLDSMOBILE CUTLASS GEN_OTHER,33.92996043616599,1,48.03519007846191,4,41.57160651228209,Oldsmobile,14.105229642295917
Oldsmobile OLDSMOBILE CUTLASS GEN_OTHER,23.836148567327122,2,52.88130799567813,10,121.85340826480677,Oldsmobile,29.045159428351006
Oldsmobile OLDSMOBILE CUTLASS GEN_OTHER,23.836148567327122,2,48.03519007846191,4,101.52244790211239,Oldsmobile,24.199041511134787
Mercedes-Benz W212 E-CLASS W212,33.87805527421481,1,53.607049957307666,11,58.2353223152952,Mercedes-Benz,19.728994683092857
Mercedes-Benz W212 E-CLASS W212,33.87805527421481,1,50.53219133585517,1,49.15906750502328,Mercedes-Benz,16.654136061640358
Chrysler CHRYSLER IMPERIAL GEN_OTHER,33.85629772777869,1,44.13361195817614,1,30.35569427298909,Chrysler,10.277314230397451
Chrysler CHRYSLER IMPERIAL GEN_OTHER,33.85629772777869,1,40.7372912671588,1,20.324116933005172,Chrysler,6.880993539380114
Fiat FIAT 500 GEN_OTHER,33.84283212274481,3,22.38007560631114,3,-33.87055928079339,Fiat,-11.462756516433668
Rolls-Royce SY SILVER SHADOW & SILVER WRAITH II GEN_OTHER,33.84107555357027,1,56.048190363843844,3,65.62177604290328,Rolls-Royce,22.207114810273573
Rolls-Royce SY SILVER SHADOW & SILVER WRAITH II GEN_OTHER,33.84107555357027,1,44.54702906052265,5,31.635972946559868,Rolls-Royce,10.705953506952376
Chevrolet SUBURBAN (GMT400 1992-1999) GEN_OTHER,33.840699292007685,2,47.58544428651948,5,40.616019414699146,Chevrolet,13.744744994511798
Dodge CHALLENGER SRT8 & 392 GEN_OTHER,33.8086939387585,1,46.467066889644386,3,37.44117703515972,Dodge,12.658372950885884
Dodge CHALLENGER SRT8 & 392 GEN_OTHER,33.8086939387585,1,40.24614218302129,2,19.04080724302354,Dodge,6.437448244262789
Dodge CHALLENGER SRT8 & 392 GEN_OTHER,29.069066088485098,1,46.467066889644386,3,59.85056674404487,Dodge,17.398000801159288
Dodge CHALLENGER SRT8 & 392 GEN_OTHER,29.069066088485098,1,40.24614218302129,2,38.450069432962216,Dodge,11.177076094536194
Mini MINI R53 COOPER S GEN_OTHER,33.763832243286465,2,44.725385904214754,7,32.465371768063626,Mini,10.961553660928288
Fiat FIAT 124 SPIDER GEN_OTHER,33.76355053995774,2,57.29442196232876,1,69.69311889910163,Fiat,23.53087142237102
Fiat FIAT 124 SPIDER GEN_OTHER,33.76355053995774,2,42.341800001145415,11,25.406834660459293,Fiat,8.578249461187674
Mazda NB MX-5 MIATA GEN_OTHER,33.7374776108657,2,53.20656500580623,16,57.7075963398941,Mazda,19.46908739494053
Mazda NB MX-5 MIATA GEN_OTHER,33.7374776108657,2,50.323202426042855,5,49.16112877933545,Mazda,16.58572481517715
Land Rover RANGE ROVER P38A GEN_OTHER,33.71726352617395,1,44.0358560237316,2,30.603291662585708,Land Rover,10.318592497557646
Land Rover RANGE ROVER P38A GEN_OTHER,33.71726352617395,1,42.520388966175545,2,26.10865924266934,Land Rover,8.803125440001594
Norton NORTON COMMANDO GEN_OTHER,33.70804637681289,1,34.51543171684315,1,2.395230299035218,Norton,0.8073853400302653
Norton NORTON COMMANDO GEN_OTHER,33.70804637681289,1,31.274919013881952,4,-7.218239039224287,Norton,-2.433127362930936
Chevrolet SILVERADO T1XX (2019+) GEN_OTHER,33.63271773734153,1,59.94688480301386,4,78.23978802776439,Chevrolet,26.31416706567233
Ford PICKUP 1935-1936 GEN_OTHER,33.62593258009993,1,33.5165102707641,1,-0.3254104821484819,Ford,-0.10942230933582664
BMW E46 3-SERIES SEDAN GEN_OTHER,33.62336623356089,2,54.485482357612916,3,62.04648273208493,BMW,20.86211612405203
BMW E46 3-SERIES SEDAN GEN_OTHER,33.62336623356089,2,44.92702519499354,1,33.618463073902454,BMW,11.303658961432653
Jeep JEEP SJ WAGONEER GEN_OTHER,33.592848797225855,3,48.039945378142576,1,43.00646446546618,Jeep,14.447096580916721
Jeep JEEP SJ WAGONEER GEN_OTHER,33.592848797225855,3,40.558790481973965,3,20.736382695007894,Jeep,6.96594168474811
Cadillac CADILLAC SERIES 62 GEN_OTHER,33.527658231404494,2,53.468799213610744,11,59.476688901367694,Cadillac,19.94114098220625
Parts and Automobilia PARTS AND AUTOMOBILIA – FURNITURE GEN_UNKNOWN,33.42680351334582,5,28.10102676962783,4,-15.932653391735903,Parts and Automobilia,-5.325776743717988
Ford T GEN_OTHER,33.41806163205357,1,46.36551051203765,11,38.743865585445235,Ford,12.94744887998408
Ford T GEN_OTHER,33.41806163205357,1,20.859512247004375,1,-37.58012515305025,Ford,-12.558549385049197
Jaguar XKR GEN_OTHER,33.262351382233796,4,56.61069887568406,13,70.19451879737271,Jaguar,23.348347493450262
Dodge CHALLENGER SRT DEMON & SUPER STOCK GEN_OTHER,33.15502094409056,2,50.08349811270807,18,51.05856273523117,Dodge,16.928477168617512
Mazda PICKUP GEN_OTHER,33.15383798653566,1,34.830465161544666,1,5.057113374596056,Mazda,1.6766271750090027
Mazda PICKUP GEN_OTHER,33.15383798653566,1,15.435545705997841,1,-53.44265809507039,Mazda,-17.718292280537824
Studebaker STUDEBAKER AVANTI GEN_OTHER,33.14960390292043,1,39.62515179920859,3,19.534314543401436,Studebaker,6.475547896288155
Studebaker STUDEBAKER AVANTI GEN_OTHER,33.14960390292043,1,13.170130503231844,1,-60.27062482616398,Studebaker,-19.979473399688587
Audi C5 ALLROAD GEN_OTHER,33.10296093587694,1,39.68734312327978,1,19.890614015336293,Audi,6.584382187402838
Nissan STAGEA GEN_OTHER,33.05731493310197,1,52.34232133937227,2,58.33809081378004,Nissan,19.2850064062703
Infiniti G35 & G37 GEN_OTHER,33.05396864406592,1,52.95109861124656,4,60.19588806850494,Infiniti,19.89712996718064
INEOS INEOS GRENADIER GEN_OTHER,33.00438864266049,1,42.8801827745051,3,29.922669493351734,INEOS,9.875794131844614
Fiat FIAT NUOVA 500 GEN_OTHER,32.83887942142785,1,46.69260001493494,1,42.186946806922215,Fiat,13.853720593507092
Fiat FIAT NUOVA 500 GEN_OTHER,32.83887942142785,1,39.69864997601098,7,20.88917367292085,Fiat,6.859770554583129
Triumph TRIUMPH THRUXTON GEN_OTHER,32.71384002869644,1,5.930478687987198,1,-81.871652234085,Triumph,-26.78336134070924
Triumph TRIUMPH THRUXTON GEN_OTHER,32.71384002869644,1,0.2463081312951962,1,-99.24708279101709,Triumph,-32.467531897401244
Saab SAAB 900 GEN_OTHER,32.61471407694667,2,53.92754325792829,9,65.34728199885201,Saab,21.312829180981623
Land Rover RANGE ROVER L460 GEN_OTHER,32.52388340449925,1,41.74382377020729,3,28.348214913452136,Land Rover,9.219940365708041
Cadillac CADILLAC SERIES 75/FLEETWOOD GEN_OTHER,32.437786272502954,1,38.13425978480656,3,17.56122771279378,Cadillac,5.696473512303605
BMW F31 3-SERIES TOURING GEN_OTHER,32.35703452686176,1,65.11028457533023,2,101.22451123040271,BMW,32.753250048468466
BMW E36 3-SERIES GEN_OTHER,32.355981453850085,1,49.30553832859586,6,52.38461673283263,BMW,16.949556874745774
BMW F06/F12/F13 M6 GEN_OTHER,32.34968137483668,1,52.2804672423821,4,61.61045494268349,BMW,19.930785867545424
BMW F06/F12/F13 M6 GEN_OTHER,32.34968137483668,1,43.22868709084025,3,33.62940608270056,BMW,10.879005716003576
Jeep JEEP WRANGLER JL (2018+) GEN_OTHER,32.270152560328896,2,42.44691615644782,11,31.536149626480732,Jeep,10.176763596118924
Alfa Romeo 105/115 SPIDER SERIES 3 GEN_UNKNOWN,32.1980821464586,3,13.987428088588096,1,-56.55819491060419,Alfa Romeo,-18.210654057870507
BMW PARTS AND AUTOMOBILIA – GEARBOXES GEN_UNKNOWN,32.06339813564702,1,82.27189929028611,1,156.59132866150875,BMW,50.208501154639094
Ford FOCUS GEN_OTHER,31.955205852140033,2,50.37074995380967,3,57.629245722528665,Ford,18.41554410166964
Ford FOCUS GEN_OTHER,31.955205852140033,2,35.836737375676975,3,12.146789294668235,Ford,3.8815315235369425
Ferrari F40 GEN_UNKNOWN,31.929346094572423,5,37.74647272994443,4,18.218746535372492,Ferrari,5.817126635372006
Toyota TACOMA (N300 2016-2023) GEN_OTHER,31.88925649474438,2,35.61542393210332,1,11.68471092442385,Toyota,3.7261674373589386
Mercedes-Benz W210 E-CLASS GEN_OTHER,31.83047900713313,1,48.48550215800524,9,52.324136080829206,Mercedes-Benz,16.65502315087211
Mercedes-Benz W210 E-CLASS GEN_OTHER,31.83047900713313,1,46.53628365107651,5,46.20038749856026,Mercedes-Benz,14.705804643943381
Audi Q7 GEN_OTHER,31.818541992486736,1,44.36011749105747,6,39.415933959300084,Audi,12.541575498570737
Audi Q7 GEN_OTHER,31.818541992486736,1,35.24789759227967,4,10.777852739458341,Audi,3.4293555997929346
Audi Q7 GEN_OTHER,29.98890335547039,1,44.36011749105747,6,47.921772814562,Audi,14.371214135587081
Audi Q7 GEN_OTHER,29.98890335547039,1,35.24789759227967,4,17.53646732083641,Audi,5.258994236809279
Toyota PICKUP (N50/N60/N70 1984-1988) GEN_OTHER,31.80972914124,1,56.88716462697669,8,78.83574039373015,Toyota,25.077435485736693
Toyota T100 GEN_OTHER,31.777140434052733,1,57.681563950138866,2,81.51905162720894,Toyota,25.904423516086133
Chevrolet CORVETTE C4 CONVERTIBLE GEN_OTHER,31.631172441493163,3,54.08924718800805,21,70.99981762628191,Chevrolet,22.45807474651489
Hummer HUMMER H2 GEN_OTHER,31.546602707908068,2,41.174593358852874,9,30.519896992050025,Hummer,9.627990650944806
Subaru LEGACY GEN_OTHER,31.464521160223892,1,35.97804642535492,2,14.34480837050472,Subaru,4.513525265131026
Subaru LEGACY GEN_OTHER,31.464521160223892,1,30.38777661841468,2,-3.422090984083962,Subaru,-1.0767445418092123
Chevrolet C/K GMT400 GEN_OTHER,31.452046729646636,4,57.19919876450775,1,81.86161064867012,Chevrolet,25.747152034861113
Chevrolet C/K GMT400 GEN_OTHER,31.452046729646636,4,51.46832492194112,20,63.64062206936498,Chevrolet,20.016278192294482
Datsun DATSUN 280ZX GEN_OTHER,31.404691889346715,2,64.3137377165634,6,104.79022033768234,Datsun,32.90904582721668
Plymouth PLYMOUTH ROAD RUNNER GEN_UNKNOWN,31.352441305314585,3,21.62990912068905,2,-31.010446969491525,Plymouth,-9.722532184625535
Jaguar XK8 GEN_OTHER,31.344742170258527,3,38.729750785062315,10,23.560597738178416,Jaguar,7.3850086148037875
Jaguar XK8 GEN_OTHER,31.344742170258527,3,27.053164863276635,3,-13.691538069354284,Jaguar,-4.2915773069818925
Jaguar XK8 GEN_OTHER,29.182491766002414,2,38.729750785062315,10,32.71570877365055,Jaguar,9.5472590190599
Jaguar XK8 GEN_OTHER,29.182491766002414,2,27.053164863276635,3,-7.296590434427686,Jaguar,-2.1293269027257793
"BMW K75, K100, & K1100 GEN_OTHER",31.228727167398,1,44.00270583669983,7,40.904576740602934,BMW,12.773978669301833
BMW Z4 COUPE E86 GEN_OTHER,31.060338470566883,2,42.582472289522485,1,37.095969929220516,BMW,11.522133818955602
Ford FIESTA GEN_OTHER,31.042327268857026,1,20.478256015844803,1,-34.031183169731435,Ford,-10.564071253012223
Dodge RAM 1500 GEN_OTHER,31.02184791587304,1,48.88846154824044,1,57.5936471638285,Dodge,17.866613632367404
Dodge RAM 1500 GEN_OTHER,31.02184791587304,1,45.01423733540749,3,45.10495137968531,Dodge,13.992389419534454
"Suzuki SUZUKI GSX-R 600, 750, 1000, & 1100 GEN_OTHER",30.954116796678786,1,39.890820899515276,2,28.87080953249925,Suzuki,8.93670410283649
"Suzuki SUZUKI GSX-R 600, 750, 1000, & 1100 GEN_OTHER",30.954116796678786,1,10.570445598097237,1,-65.85124470670928,Suzuki,-20.38367119858155
Chevrolet CAPRICE GEN_OTHER,30.843485316979823,1,88.43364640536812,3,186.7174234576013,Chevrolet,57.5901610883883
Chevrolet CAPRICE GEN_OTHER,30.843485316979823,1,59.57269297473336,2,93.14514025409979,Chevrolet,28.729207657753534
Chevrolet CAPRICE GEN_OTHER,30.843485316979823,1,23.756841304865784,2,-22.976145332747887,Chevrolet,-7.086644012114039
Jaguar XJS GEN_OTHER,30.64036191432282,3,41.1438390418133,25,34.279872923369865,Jaguar,10.50347712749048
Tesla S GEN_OTHER,30.63947931873112,1,52.496195192959206,3,71.33514132815637,Tesla,21.856715874228087
Tesla S GEN_OTHER,30.63947931873112,1,52.25082199632602,2,70.53430135930226,Tesla,21.611342677594898
Toyota SUPRA A70 A70,30.591142240255365,2,43.80382718307983,4,43.191211492056304,Toyota,13.212684942824467
Mitsubishi MINICAB GEN_OTHER,30.579059628177575,1,22.390886859469763,1,-26.777058772476725,Mitsubishi,-8.188172768707812
Buick BUICK REGAL T-TYPE & TURBO-T GEN_OTHER,30.40047105874765,1,57.85016230123059,1,90.29363785001075,Buick,27.44969124248294
Ford TRACTOR GEN_UNKNOWN,30.349771221498568,3,62.93109638255327,1,107.35278669242618,Ford,32.58132516105471
Volkswagen VOLKSWAGEN R32 GEN_OTHER,30.298206391081777,1,49.78572504211201,6,64.31905043978561,Volkswagen,19.487518651030236
Lotus OTHER SEVEN REPLICAS GEN_UNKNOWN,30.068914804685075,2,61.42271857761867,3,104.27314712417994,Lotus,31.353803772933592
Mercedes-Benz W203 C-CLASS W203,30.02234327899066,1,39.76200928744484,11,32.44139179259169,Mercedes-Benz,9.73966600845418
Mini MINI MOKE CLASSIC GEN_OTHER,29.98396729216294,1,43.278190958310375,3,44.3377740397356,Mini,13.294223666147435
Chrysler CHRYSLER 300 GEN_OTHER,29.941743947057578,1,40.21416334008703,2,34.308019637042364,Chrysler,10.272419393029455
Chrysler CHRYSLER 300 GEN_OTHER,29.941743947057578,1,33.838105821674255,2,13.013142726442886,Chrysler,3.8963618746166766
Bentley AZURE GEN_OTHER,29.85058425915279,1,69.20314880887169,4,131.83180673474627,Bentley,39.3525645497189
GMC GMC SIERRA (GMT800 1999-2007) GEN_OTHER,29.762096174042785,1,62.02083745699764,1,108.38867361462778,GMC,32.25874128295486
GMC GMC SIERRA (GMT800 1999-2007) GEN_OTHER,29.762096174042785,1,43.45857046098897,9,46.01985762982535,GMC,13.696474286946188
Datsun DATSUN ROADSTER GEN_OTHER,29.74922821097864,1,43.52793627434392,5,46.31618664406358,Datsun,13.778708063365283
Datsun DATSUN ROADSTER GEN_OTHER,29.74922821097864,1,29.25752773069658,1,-1.6528176018381626,Datsun,-0.49170048028205926
Mini MINI R52 COOPER CONVERTIBLE GEN_OTHER,29.164271624380618,2,31.8386926365708,6,9.170196487795817,Mini,2.6744210121901837
"BMW R1100, R1150, R1200, & R1250 GEN_OTHER",29.084383542875468,2,38.01063488127266,9,30.69087342091447,BMW,8.92625133839719
"BMW R1100, R1150, R1200, & R1250 GEN_OTHER",29.084383542875468,2,36.3539274680301,1,24.994663938598023,BMW,7.2695439251546325
"BMW R1100, R1150, R1200, & R1250 GEN_OTHER",29.084383542875468,2,27.561591911095242,2,-5.2357706998856095,BMW,-1.5227916317802261
Datsun DATSUN ROADSTER GEN_UNKNOWN,29.066298671616153,1,26.651578870876452,2,-8.30762742797288,Datsun,-2.4147198007397
Mercedes-Benz M-CLASS & GLE-CLASS W211,28.886488624802727,1,40.83990435727088,3,41.380646459759134,Mercedes-Benz,11.953415732468155
Audi A5 GEN_OTHER,28.774949490260855,1,24.411824868047344,3,-15.16292712760539,Audi,-4.363124622213512
Chrysler CHRYSLER CONQUEST & MITSUBISHI STARION GEN_OTHER,28.740674971177608,1,60.225569506139045,4,109.54820847643923,Chrysler,31.484894534961438
Tesla ROADSTER GEN_OTHER,28.694087375094036,1,74.34597015486719,3,159.0985703186998,Tesla,45.65188277977315
Studebaker STUDEBAKER PICKUP GEN_OTHER,28.6212944073821,1,20.205258416830166,2,-29.40480563444133,Studebaker,-8.416035990551933
Maserati QUATTROPORTE GEN_OTHER,28.547226144715736,1,47.87015613104751,6,67.68759209170507,Maserati,19.322929986331772
Maserati QUATTROPORTE GEN_OTHER,28.547226144715736,1,28.67037860168141,1,0.43139903099996885,Maserati,0.12315245696567345
Maserati QUATTROPORTE GEN_OTHER,28.547226144715736,1,26.527529756208732,1,-7.074930426754832,Maserati,-2.019696388507004
Maserati QUATTROPORTE GEN_OTHER,22.97360850421724,2,47.87015613104751,6,108.37020933067627,Maserati,24.89654762683027
Maserati QUATTROPORTE GEN_OTHER,22.97360850421724,2,28.67037860168141,1,24.79701913793134,Maserati,5.696770097464171
Maserati QUATTROPORTE GEN_OTHER,22.97360850421724,2,26.527529756208732,1,15.469582200545918,Maserati,3.5539212519914933
Toyota TACOMA (N1X0 1995-2005) GEN_OTHER,28.502642053337595,1,63.256529875116264,15,121.93216248775458,Toyota,34.75388782177867
Toyota TACOMA (N1X0 1995-2005) GEN_OTHER,28.502642053337595,1,57.741938033987076,10,102.58451102860349,Toyota,29.23929598064948
Toyota TACOMA (N1X0 1995-2005) GEN_OTHER,22.052916564551467,1,63.256529875116264,15,186.83974607148673,Toyota,41.2036133105648
Toyota TACOMA (N1X0 1995-2005) GEN_OTHER,22.052916564551467,1,57.741938033987076,10,161.8335668435042,Toyota,35.68902146943561
BMW E46 3-SERIES TOURING GEN_OTHER,28.31961357468597,1,66.5509573339191,4,134.99952482899323,BMW,38.23134375923313
Toyota CELICA GEN_OTHER,28.221050492958575,2,71.43465417246256,9,153.1254256119424,Toyota,43.21360367950398
Triumph TRIUMPH TR4 GEN_OTHER,28.21454774622783,1,49.10054068981675,9,74.0256166125551,Triumph,20.885992943588917
Plymouth PLYMOUTH PROWLER GEN_UNKNOWN,28.176900267159443,2,43.80222979855704,1,55.45439485268411,Plymouth,15.6253295313976
Parts and Automobilia PARTS AND AUTOMOBILIA – COMPETITION GO-KARTS GEN_UNKNOWN,28.17521862916898,11,89.82357862078192,1,218.80348402262328,Parts and Automobilia,61.648359991612935
Ducati DUCATI DIAVEL GEN_OTHER,27.940201161774453,1,22.506465786596834,2,-19.447731760112095,Ducati,-5.433735375177619
Lexus LX GEN_OTHER,27.93724276978399,1,46.39759730873557,1,66.07794008547508,Lexus,18.46035453895158
Lexus LX GEN_OTHER,27.93724276978399,1,15.066279659303548,1,-46.070985660765544,Lexus,-12.87096311048044
Triumph TRIUMPH STAG GEN_OTHER,27.84968953636428,1,44.00390968827818,3,58.00502777893012,Triumph,16.154220151913897
Mercedes-Benz CLK-CLASS W204,27.735154831119097,1,41.6102121704912,5,50.026969107827604,Mercedes-Benz,13.875057339372106
Dodge CHALLENGER SRT HELLCAT GEN_OTHER,27.672370599124115,1,59.23761339067791,5,114.06772209299949,Dodge,31.565242791553793
"Packard PACKARD SIX, ONE-TEN, & 115 GEN_OTHER",27.66538614571688,1,36.30368871106731,2,31.224225535300548,Packard,8.638302565350429
Subaru IMPREZA WRX GEN_OTHER,27.623672015654073,1,37.69434665554953,3,36.456683362691614,Subaru,10.070674639895458
Subaru IMPREZA WRX GEN_OTHER,27.623672015654073,1,37.4335992714511,1,35.512756052989026,Subaru,9.809927255797028
Chevrolet CORVETTE C4 COUPE GEN_OTHER,27.488975558278945,3,49.029444800154316,22,78.3603928644331,Chevrolet,21.54046924187537
Parts and Automobilia PARTS AND AUTOMOBILIA – KIDDIE RIDES GEN_UNKNOWN,27.388933142883225,4,27.514465737809186,4,0.4583332774266136,Parts and Automobilia,0.1255325949259607
Alfa Romeo 105/115 SPIDER SERIES 1 GEN_OTHER,27.250136474418152,2,33.59876211552089,2,23.29759209486049,Alfa Romeo,6.348625641102739
Nissan Z31 300ZX GEN_OTHER,27.027288184859913,1,53.985598375495094,11,99.7447838874809,Nissan,26.95831019063518
Chevrolet BLAZER 1995-2004 GEN_OTHER,26.773869191326824,1,17.579754106218736,1,-34.33988199242583,Chevrolet,-9.194115085108088
Ford F-SERIES 1953-1956 GEN_OTHER,26.75471707495731,1,42.66210286460349,16,59.45637827183625,Ford,15.907385789646181
Ford RANGER 1993-1997 GEN_OTHER,26.547050873219522,1,33.5052551866398,1,26.210837304115262,Ford,6.9582043134202785
Ford BRONCO 4TH-5TH GENERATIONS 1987-1996 GEN_OTHER,26.51873849715193,3,53.984072645014194,15,103.56953499432862,Ford,27.465334147862265
"Honda CUSTOM: CB650C, CB750C, CB900C, & CB1000C GEN_OTHER",26.51404721492401,1,14.162559818865896,1,-46.58469261948741,Honda,-12.351487396058113
Toyota PICKUP (N80/90/100/110 1989-1997) GEN_OTHER,26.503931459009426,2,56.785538787356934,12,114.2532660680193,Toyota,30.28160732834751
Jeep JEEP WRANGLER YJ GEN_OTHER,26.497140829588826,2,37.64727326622101,7,42.08051166102064,Jeep,11.150132436632187
Land Rover SERIES 88 GEN_OTHER,26.437749954237656,1,51.01870598888603,7,92.97673242691495,Land Rover,24.580956034648377
Land Rover SERIES 88 GEN_OTHER,26.437749954237656,1,39.712206153822606,5,50.210234314804886,Land Rover,13.27445619958495
Chrysler CHRYSLER CROSSFIRE GEN_OTHER,26.40483617872011,3,45.41767978835731,7,72.00515648326507,Chrysler,19.0128436096372
Ford F-SERIES 1987-1991 GEN_OTHER,26.098963726531185,3,65.043671313975,10,149.2193636326417,Ford,38.944707587443816
Jeep JEEP CJ-5 GEN_OTHER,25.917014502621388,1,46.24218213998965,16,78.42403157706481,Jeep,20.325167637368263
Jeep JEEP CJ-5 GEN_OTHER,25.917014502621388,1,28.30306883392994,2,9.206516943019093,Jeep,2.3860543313085536
Mazda BONGO GEN_OTHER,25.852914104824713,1,34.22625883055063,1,32.38839804199584,Mazda,8.373344725725914
Harley-Davidson HARLEY-DAVIDSON SOFTAIL GEN_OTHER,25.779010479567695,1,26.0712530143028,17,1.1336452769074892,Harley-Davidson,0.29224253473510586
Harley-Davidson HARLEY-DAVIDSON SOFTAIL GEN_OTHER,25.779010479567695,1,25.264581711275437,4,-1.9955334154504971,Harley-Davidson,-0.5144287682922588
Harley-Davidson HARLEY-DAVIDSON SOFTAIL GEN_OTHER,25.779010479567695,1,21.69564963090194,3,-15.839866514279922,Harley-Davidson,-4.083360848665755
Harley-Davidson HARLEY-DAVIDSON SOFTAIL GEN_OTHER,20.04122931618537,1,26.0712530143028,17,30.088092915775196,Harley-Davidson,6.030023698117432
Harley-Davidson HARLEY-DAVIDSON SOFTAIL GEN_OTHER,20.04122931618537,1,25.264581711275437,4,26.063033922134057,Harley-Davidson,5.2233523950900675
Harley-Davidson HARLEY-DAVIDSON SOFTAIL GEN_OTHER,20.04122931618537,1,21.69564963090194,3,8.25508400016388,Harley-Davidson,1.654420314716571
Harley-Davidson HARLEY-DAVIDSON SOFTAIL GEN_OTHER,9.590677555164936,1,26.0712530143028,17,171.8395323410958,Harley-Davidson,16.480575459137867
Harley-Davidson HARLEY-DAVIDSON SOFTAIL GEN_OTHER,9.590677555164936,1,25.264581711275437,4,163.4285384526302,Harley-Davidson,15.6739041561105
Harley-Davidson HARLEY-DAVIDSON SOFTAIL GEN_OTHER,9.590677555164936,1,21.69564963090194,3,126.216025990969,Harley-Davidson,12.104972075737004
Cadillac CADILLAC ESCALADE & EXT GMT900 GEN_OTHER,25.355196280408567,1,42.96408937928437,4,69.44885341898073,Cadillac,17.6088930988758
Chevrolet CORVAIR GEN_OTHER,25.346490468285943,2,45.64413186943723,9,80.08067794059347,Chevrolet,20.29764140115129
Volvo VOLVO XC60 GEN_OTHER,25.20420819926802,1,39.78138199730944,3,57.83626957368479,Volvo,14.577173798041418
Volvo VOLVO XC60 GEN_OTHER,25.20420819926802,1,36.348465281225366,2,44.21585869252182,Volvo,11.144257081957345
Audi B7 S4 GEN_OTHER,25.17333124246704,1,40.24966457072112,3,59.89010029320447,Audi,15.076333328254083
Tesla MODEL 3 GEN_OTHER,24.905549992895907,1,7.247509800552058,1,-70.90002106912175,Tesla,-17.658040192343847
Jaguar XJ SERIES 3 GEN_OTHER,24.838656396763863,1,31.336754150711336,4,26.16122889317832,Jaguar,6.498097753947473
Chevrolet SILVERADO GMT800 GEN_OTHER,24.822656901734582,1,60.09846649390246,4,142.11133696048,Chevrolet,35.275809592167874
Chevrolet SILVERADO GMT800 GEN_OTHER,24.822656901734582,1,41.38633365875276,3,66.72805744602113,Chevrolet,16.56367675701818
Parts and Automobilia PARTS AND AUTOMOBILIA – COMPETITION GO-KARTS GEN_OTHER,24.692938648661887,1,30.63490751656746,5,24.063433487806318,Parts and Automobilia,5.941968867905572
Parts and Automobilia PARTS AND AUTOMOBILIA – COMPETITION GO-KARTS GEN_OTHER,24.692938648661887,1,25.941556594544696,1,5.056578982552457,Parts and Automobilia,1.2486179458828097
Parts and Automobilia PARTS AND AUTOMOBILIA – COMPETITION GO-KARTS GEN_OTHER,24.692938648661887,1,23.368693463224222,7,-5.36284969674691,Parts and Automobilia,-1.3242451854376647
Parts and Automobilia PARTS AND AUTOMOBILIA – COMPETITION GO-KARTS GEN_OTHER,24.692938648661887,1,10.746231767869967,3,-56.48054724967979,Parts and Automobilia,-13.94670688079192
Parts and Automobilia PARTS AND AUTOMOBILIA – COMPETITION GO-KARTS GEN_OTHER,23.117563383671687,1,30.63490751656746,5,32.517891302529726,Parts and Automobilia,7.517344132895772
Parts and Automobilia PARTS AND AUTOMOBILIA – COMPETITION GO-KARTS GEN_OTHER,23.117563383671687,1,25.941556594544696,1,12.215790929193005,Parts and Automobilia,2.8239932108730095
Parts and Automobilia PARTS AND AUTOMOBILIA – COMPETITION GO-KARTS GEN_OTHER,23.117563383671687,1,23.368693463224222,7,1.0863172531838383,Parts and Automobilia,0.2511300795525351
Parts and Automobilia PARTS AND AUTOMOBILIA – COMPETITION GO-KARTS GEN_OTHER,23.117563383671687,1,10.746231767869967,3,-53.514859721504195,Parts and Automobilia,-12.37133161580172
Plymouth PLYMOUTH SATELLITE GEN_OTHER,24.647236522719165,1,35.816148896248976,1,45.31506955448983,Plymouth,11.16891237352981
Plymouth PLYMOUTH SATELLITE GEN_OTHER,16.923426452148504,1,35.816148896248976,1,111.63650870301123,Plymouth,18.89272244410047
Ford F-SERIES 1980-1986 GEN_OTHER,24.549581189471777,2,64.23714256491591,6,161.66288568891906,Ford,39.68756137544413
Honda PICKUP GEN_OTHER,24.477467115583607,1,41.49265822589802,5,69.51369204161516,Honda,17.01519111031441
Volkswagen VOLKSWAGEN RAIL & DUNE BUGGY GEN_UNKNOWN,24.4423057349268,3,65.57449925908179,10,168.28278792609646,Volkswagen,41.132193524154985
Volkswagen VOLKSWAGEN TYPE 3 GEN_OTHER,24.358069774649394,1,45.52265816369603,4,86.8894316538728,Volkswagen,21.164588389046635
Volkswagen VOLKSWAGEN TYPE 3 GEN_OTHER,24.358069774649394,1,44.078646971043995,3,80.96116555556775,Volkswagen,19.7205771963946
Parts and Automobilia PARTS AND AUTOMOBILIA – GAS PUMPS & OIL TANKS GEN_UNKNOWN,24.336357391269544,9,33.75725356647322,13,38.7112007920435,Parts and Automobilia,9.420896175203673
Land Rover DISCOVERY II GEN_OTHER,24.329215088800293,2,44.36292889973485,14,82.34426691454124,Land Rover,20.033713810934554
Land Rover DISCOVERY II GEN_OTHER,8.51732117605188,1,44.36292889973485,14,200.0,Land Rover,35.84560772368297
Triumph TRIUMPH BONNEVILLE T120 GEN_UNKNOWN,24.30533724519739,5,25.33512177790058,1,4.236865846848801,Triumph,1.0297845327031894
Vanderhall VANDERHALL VENICE GEN_OTHER,24.06149226483573,1,10.804441524146045,2,-55.09654428235103,Vanderhall,-13.257050740689687
Parts and Automobilia PARTS AND AUTOMOBILIA – SEATS & INTERIOR GEN_UNKNOWN,24.049412545373674,1,42.449712820663734,2,76.51039392573304,Parts and Automobilia,18.40030027529006
Fiat FIAT 500 TOPOLINO GEN_OTHER,23.930259214961097,1,33.12696045005494,2,38.43126458631966,Fiat,9.19670123509384
"Honda CB450, CL450, & CB500 TWIN GEN_OTHER",23.917897322773356,1,33.70637725879448,1,40.925336386911624,Honda,9.788479936021126
"Honda CB450, CL450, & CB500 TWIN GEN_OTHER",23.917897322773356,1,15.66172583096849,1,-34.518801466480824,Honda,-8.256171491804867
Parts and Automobilia PARTS AND AUTOMOBILIA – GOLF CARTS GEN_OTHER,23.88064083318581,1,54.74944805470328,1,129.26289305695903,Parts and Automobilia,30.868807221517468
Parts and Automobilia PARTS AND AUTOMOBILIA – GOLF CARTS GEN_OTHER,23.88064083318581,1,32.125934666772196,3,34.52710457471595,Parts and Automobilia,8.245293833586384
Parts and Automobilia PARTS AND AUTOMOBILIA – GOLF CARTS GEN_OTHER,23.88064083318581,1,20.30600638685397,2,-14.968754278002203,Parts and Automobilia,-3.5746344463318422
Buick BUICK REATTA GEN_OTHER,23.674302354250905,1,26.182723597434705,2,10.59554450918548,Buick,2.5084212431838004
Ural URAL GEAR UP GEN_OTHER,23.43251812158279,1,23.684572671822995,1,1.0756613904335308,Ural,0.2520545502402065
Ural URAL GEAR UP GEN_OTHER,23.43251812158279,1,12.739945980877394,1,-45.63134053807422,Ural,-10.692572140705394
Ducati DUCATI MULTISTRADA GEN_OTHER,23.377230546124792,1,25.241951020102906,5,7.976652624864606,Ducati,1.8647204739781138
Ducati DUCATI MULTISTRADA GEN_OTHER,23.377230546124792,1,14.488048761446072,4,-38.02495666516095,Ducati,-8.88918178467872
Yamaha YAMAHA RD GEN_OTHER,23.34872599430205,1,18.329065899015188,1,-21.498646634989186,Yamaha,-5.019660095286863
Parts and Automobilia PARTS AND AUTOMOBILIA – MINI CARS GEN_UNKNOWN,23.329405260115898,10,40.005703110415666,8,71.48188161834402,Parts and Automobilia,16.67629785029977
MINI COOPER GEN_OTHER,22.862599711805256,1,23.862577679228103,1,4.3738594036902185,MINI,0.9999779674228471
MINI COOPER GEN_OTHER,13.373948307451856,1,23.862577679228103,1,78.42582557263263,MINI,10.488629371776247
Honda RUNE GEN_OTHER,22.796826588586722,1,37.14833977293975,2,62.95399549838284,Honda,14.351513184353028
Parts and Automobilia PARTS AND AUTOMOBILIA – SIGNS GEN_UNKNOWN,22.628298591196895,78,35.7975640943607,108,58.198213401192504,Parts and Automobilia,13.169265503163807
Ford 48 & 68 V8 GEN_OTHER,22.48457669728567,1,47.43638781552753,3,110.97300809427304,Ford,24.95181111824186
Jeep WRANGLER GEN_OTHER,22.406114778434546,2,30.82163666380646,1,37.559041219728506,Jeep,8.415521885371913
Jeep WRANGLER GEN_OTHER,22.406114778434546,2,1.3171920677815052,1,-94.1212830479237,Jeep,-21.08892271065304
Honda GB500 TOURIST TROPHY GEN_OTHER,22.398784637092866,1,32.06446612488736,3,43.15270513288439,Honda,9.665681487794494
Dodge MILITARY VEHICLES GEN_OTHER,22.167620623145787,1,56.564955103904055,5,155.16926721870692,Dodge,34.39733448075827
Suzuki SUZUKI EVERY GEN_OTHER,21.987311307654146,1,5.682700325300392,1,-74.15463743708331,Suzuki,-16.304610982353754
Husqvarna HUSQVARNA WR GEN_OTHER,21.902109674934703,1,13.651830422245123,2,-37.66887927755835,Husqvarna,-8.25027925268958
Toyota 4RUNNER (N120) GEN_OTHER,21.898253978452193,2,56.558031069708946,7,158.27644124212762,Toyota,34.65977709125676
Parts and Automobilia PARTS AND AUTOMOBILIA – LITERATURE & MEMORABILIA GEN_UNKNOWN,21.850627732813006,5,46.93705058630583,11,114.80870554496992,Parts and Automobilia,25.086422853492824
Triumph TRIUMPH NEW BONNEVILLE (2000+) GEN_OTHER,21.700742053751306,1,15.627085866135683,3,-27.98824193463789,Triumph,-6.073656187615622
Triumph TRIUMPH NEW BONNEVILLE (2000+) GEN_OTHER,21.700742053751306,1,11.88847072091058,1,-45.21629402596638,Triumph,-9.812271332840725
"Dodge CHALLENGER (NON-SRT, 2009-2023) GEN_OTHER",21.55144323732013,1,85.07468673641885,2,294.7516915669806,Dodge,63.523243499098726
"Dodge CHALLENGER (NON-SRT, 2009-2023) GEN_OTHER",21.55144323732013,1,32.53757495895886,5,50.976315602911924,Dodge,10.986131721638728
"Honda SUPER SPORT: CB750F, CB900F, & CB1100F GEN_OTHER",21.52192939188785,1,27.09656006564566,3,25.90209535702236,Honda,5.574630673757813
Triumph TRIUMPH TROPHY GEN_OTHER,21.494233636067378,1,17.918893083296265,2,-16.63395221856937,Triumph,-3.575340552771113
Triumph TRIUMPH TROPHY GEN_OTHER,21.494233636067378,1,14.02948003092621,1,-34.72909865748966,Triumph,-7.464753605141167
Harley-Davidson HARLEY-DAVIDSON TOURING GEN_OTHER,20.879954291464877,2,28.665943792965276,6,37.2893033807219,Harley-Davidson,7.785989501500399
Harley-Davidson HARLEY-DAVIDSON TOURING GEN_OTHER,20.879954291464877,2,27.781852238126007,6,33.05513915556045,Harley-Davidson,6.90189794666113
Harley-Davidson HARLEY-DAVIDSON TOURING GEN_OTHER,20.879954291464877,2,19.782597228105487,4,-5.255552996147876,Harley-Davidson,-1.0973570633593894
Harley-Davidson HARLEY-DAVIDSON TOURING GEN_OTHER,10.226368523841694,1,28.665943792965276,6,180.31401104051417,Harley-Davidson,18.43957526912358
Harley-Davidson HARLEY-DAVIDSON TOURING GEN_OTHER,10.226368523841694,1,27.781852238126007,6,171.6687959499559,Harley-Davidson,17.555483714284314
Harley-Davidson HARLEY-DAVIDSON TOURING GEN_OTHER,10.226368523841694,1,19.782597228105487,4,93.44694240173781,Harley-Davidson,9.556228704263793
Ferrari F50 GEN_UNKNOWN,20.825503669512837,1,20.556524436180446,1,-1.2915857287339434,Ferrari,-0.2689792333323915
Chevrolet CAMARO GEN_OTHER,20.699450374725245,1,14.269325528795463,1,-31.06422986854371,Chevrolet,-6.430124845929782
BMW R100 GEN_OTHER,20.651036614629216,1,50.790990661423514,10,145.94886740670015,BMW,30.139954046794298
Chevrolet C7 CORVETTE GEN_OTHER,20.61769288755772,1,5.995646073017621,1,-70.91989823635481,Chevrolet,-14.622046814540099
Cadillac CTS GEN_OTHER,20.474931048774163,1,25.744190877756473,1,25.735177405140917,Cadillac,5.26925982898231
Chevrolet COLORADO GEN_OTHER,20.4040628715411,1,33.12926243157497,2,62.3660083785693,Chevrolet,12.725199560033872
Chevrolet COLORADO GEN_OTHER,20.4040628715411,1,32.60970629936313,2,59.81967172256685,Chevrolet,12.205643427822032
"Honda DREAM, CB77 SUPER HAWK, & CL77 SCRAMBLER GEN_OTHER",20.319582682832404,2,27.90521306646973,5,37.331624876559445,Honda,7.5856303836373264
Honda CB750 & CB750A GEN_OTHER,20.281504929974012,1,77.01948816869017,1,279.7523331459647,Honda,56.73798323871616
Honda CB750 & CB750A GEN_OTHER,20.281504929974012,1,42.15562995777304,11,107.85257358033269,Honda,21.874125027799025
Honda CB750 & CB750A GEN_OTHER,20.281504929974012,1,11.528063706300069,1,-43.159722386957796,Honda,-8.753441223673944
Parts and Automobilia PARTS AND AUTOMOBILIA – ARTWORK GEN_UNKNOWN,20.110777261030503,3,51.55059360420901,2,156.33317367648817,Parts and Automobilia,31.43981634317851
Yamaha YAMAHA ENDURO GEN_OTHER,20.0983807587334,1,26.540872168818414,5,32.05477837952465,Yamaha,6.442491410085015
Yamaha YAMAHA ENDURO GEN_OTHER,20.0983807587334,1,16.76382934742623,1,-16.591144586900096,Yamaha,-3.3345514113071673
Porsche 959 GEN_UNKNOWN,19.99684446013328,1,29.638985875776,1,48.21831481894948,Porsche,9.642141415642723
Nissan Z32 300ZX GEN_OTHER,19.99063109082151,1,61.02467942468671,17,205.26639778123644,Nissan,41.0340483338652
Yamaha YAMAHA ATV GEN_OTHER,19.590164922097667,1,27.87644445365799,2,42.29816116664447,Yamaha,8.286279531560321
Yamaha YAMAHA ATV GEN_OTHER,19.590164922097667,1,25.228518943099687,1,28.781554639399523,Yamaha,5.638354021002019
"Chevrolet SPECIAL, DELUXE, & FLEETLINE GEN_OTHER",19.48336918433791,1,60.429345805196135,1,210.15860364527433,Chevrolet,40.945976620858225
Suzuki SUZUKI CARRY GEN_OTHER,19.455965012312475,1,35.511108347786404,4,82.52041636235275,Suzuki,16.05514333547393
Suzuki SUZUKI CARRY GEN_OTHER,19.455965012312475,1,31.0629984131942,5,59.657968101486375,Suzuki,11.607033400881726
Honda ACTY GEN_OTHER,19.448701151710914,1,44.31888348512224,11,127.87580075095907,Honda,24.87018233341133
Honda ACTY GEN_OTHER,19.448701151710914,1,39.537505553193995,2,103.29123906413594,Honda,20.08880440148308
Lexus GS GEN_OTHER,19.04670924219625,1,46.96819863482045,2,146.59482138135803,Lexus,27.921489392624203
Lexus GS GEN_OTHER,19.04670924219625,1,41.85493566863882,3,119.7489085196566,Lexus,22.808226426442566
Honda NIGHTHAWK GEN_OTHER,18.917780486719945,1,26.66176667413955,1,40.934961650790854,Honda,7.743986187419605
Honda NIGHTHAWK GEN_OTHER,18.917780486719945,1,15.38691121981476,2,-18.664289235113035,Honda,-3.530869266905185
Kawasaki KAWASAKI KZ GEN_OTHER,18.88234640208527,2,23.148007740899764,4,22.59073765505869,Kawasaki,4.265661338814496
Plymouth PLYMOUTH PROWLER GEN_OTHER,18.748241436358885,1,47.61398238638521,6,153.96505879237478,Plymouth,28.865740950026325
Plymouth PLYMOUTH PROWLER GEN_OTHER,18.748241436358885,1,41.275143372789074,7,120.15474631526381,Plymouth,22.52690193643019
Volkswagen VOLKSWAGEN SPLIT-WINDOW PICKUP GEN_OTHER,18.709575113759414,1,19.648493256081295,1,5.018383029080021,Volkswagen,0.9389181423218815
Parts and Automobilia PARTS AND AUTOMOBILIA – MECHANICAL COMPONENTS GEN_UNKNOWN,18.69846077853872,6,32.465560151819915,2,73.62691259102178,Parts and Automobilia,13.767099373281194
GMC GMC C/K 1967-1972 GEN_OTHER,18.68632781867101,1,53.105245090126196,6,184.19305069166387,GMC,34.418917271455186
GMC GMC C/K 1967-1972 GEN_OTHER,18.68632781867101,1,37.26631514937156,2,99.43091821463064,GMC,18.579987330700547
Audi S5 GEN_OTHER,18.594300030972686,1,42.13082482792729,10,126.57924610095358,Audi,23.536524796954605
Audi S5 GEN_OTHER,18.594300030972686,1,36.1059370039564,4,94.17744654982671,Audi,17.511636972983712
Jaguar X300 XJ GEN_OTHER,18.422789341660312,2,25.263073251830395,2,37.12946928564086,Jaguar,6.840283910170083
Parts and Automobilia PARTS AND AUTOMOBILIA – WHEELS: FUCHS GEN_UNKNOWN,18.378744496782602,2,26.80091392587692,1,45.825597230369624,Parts and Automobilia,8.422169429094318
Studebaker STUDEBAKER CHAMPION GEN_OTHER,18.23244003167689,1,40.776446164730714,2,123.64777338571278,Studebaker,22.544006133053824
Honda SL MOTOSPORT GEN_OTHER,18.215936024629272,1,35.03343514308053,3,92.32300275820455,Honda,16.81749911845126
Honda SL MOTOSPORT GEN_OTHER,18.215936024629272,1,9.629453998378436,1,-47.13719906921767,Honda,-8.586482026250836
Honda ATV GEN_OTHER,17.916590919974833,3,35.25125099928065,18,96.75200018090364,Honda,17.334660079305817
Honda ATV GEN_OTHER,17.916590919974833,3,6.911551551636411,1,-61.42373522671176,Honda,-11.005039368338423
Honda Z50 GEN_OTHER,17.71728755903199,1,37.47677086252689,11,111.52657108295242,Honda,19.7594833034949
Honda Z50 GEN_OTHER,17.71728755903199,1,22.30493401671347,1,25.893616290845664,Honda,4.58764645768148
Honda Z50 GEN_OTHER,17.71728755903199,1,21.32310210035013,4,20.35195584710117,Honda,3.6058145413181393
Honda Z50 GEN_OTHER,15.873015593274737,4,37.47677086252689,11,136.1036605949375,Honda,21.603755269252154
Honda Z50 GEN_OTHER,15.873015593274737,4,22.30493401671347,1,40.52108678179516,Honda,6.431918423438734
Honda Z50 GEN_OTHER,15.873015593274737,4,21.32310210035013,4,34.33554559969404,Honda,5.450086507075394
Mini MINI MOKE ELECTRIC GEN_OTHER,17.352456045339984,1,19.002181544309625,3,9.507158494792304,Mini,1.6497254989696408
Jeep JEEP ZJ GRAND CHEROKEE GEN_OTHER,17.25534782420259,1,30.966177909525925,2,79.45843934882804,Jeep,13.710830085323334
Yamaha YAMAHA RZ GEN_OTHER,17.127184030887157,1,46.11867658141503,1,169.271799136651,Yamaha,28.991492550527873
Triumph TRIUMPH BONNEVILLE T120 GEN_OTHER,16.88694757326965,2,36.615047757238976,2,116.8245480621787,Triumph,19.728100183969325
Triumph TRIUMPH BONNEVILLE T120 GEN_OTHER,16.88694757326965,2,33.05653281103286,8,95.75197156031943,Triumph,16.169585237763208
Mini MINI R60 COUNTRYMAN GEN_OTHER,16.73094916757174,1,12.696791858719472,1,-24.111945284439408,Mini,-4.034157308852269
Mercury MERCURY CAPRI GEN_OTHER,16.230915382864595,1,55.66956949041706,1,242.98478044675713,Mercury,39.438654107552466
Honda OTHER MOTORCYCLES GEN_OTHER,16.141893551150453,1,39.19629697388841,5,142.82341380633648,Honda,23.054403422737956
Honda OTHER MOTORCYCLES GEN_OTHER,16.141893551150453,1,15.163604965580866,2,-6.060556541706736,Honda,-0.9782885855695866
Honda OTHER MOTORCYCLES GEN_OTHER,16.141893551150453,1,12.301530699952714,1,-23.79127850786769,Honda,-3.840362851197739
Lincoln LINCOLN CAPRI GEN_OTHER,16.11801631598452,1,32.83083922691365,1,103.690321335354,Lincoln,16.712822910929134
Parts and Automobilia PARTS AND AUTOMOBILIA – PINBALL MACHINES & GAMING GEN_UNKNOWN,15.580697593084821,3,50.07199752151048,12,221.37198750159897,Parts and Automobilia,34.49129992842566
Pontiac PONTIAC BONNEVILLE GEN_OTHER,15.404996951807034,1,52.200041894478936,2,238.85136139774295,Pontiac,36.7950449426719
Triumph TRIUMPH BONNEVILLE T140 GEN_OTHER,15.245109987524403,1,24.31004706681155,3,59.461277004267565,Triumph,9.064937079287146
Mini MINI R56 JCW GP GEN_OTHER,15.03304786864391,1,34.19179046342216,1,127.44416675968786,Mini,19.158742594778246
Ducati DUCATI MONSTER GEN_OTHER,14.921861011293744,2,29.9891996661591,12,100.97492962480688,Ducati,15.067338654865354
Ducati DUCATI MONSTER GEN_OTHER,14.921861011293744,2,20.399347741767954,3,36.70779888868101,Ducati,5.47748673047421
Ducati DUCATI MONSTER GEN_OTHER,14.921861011293744,2,15.378665705567593,2,3.0613118157856607,Ducati,0.45680469427384907
Subaru BAJA GEN_OTHER,14.905165259531438,1,26.203756212397902,2,75.80319141809802,Subaru,11.298590952866464
Harley-Davidson HARLEY-DAVIDSON CVO GEN_OTHER,13.65275520032629,2,37.37456374237072,2,173.75107217536205,Harley-Davidson,23.72180854204443
Harley-Davidson HARLEY-DAVIDSON CVO GEN_OTHER,13.65275520032629,2,24.725797850209972,1,81.10482087614847,Harley-Davidson,11.073042649883682
Cushman CUSHMAN EAGLE GEN_OTHER,13.28566547759047,1,6.906308499546761,1,-48.01684182703574,Cushman,-6.379356978043709
Harley-Davidson HARLEY-DAVIDSON DYNA GEN_UNKNOWN,12.916691027624827,1,28.638685606728817,1,121.71843814704154,Harley-Davidson,15.72199457910399
Mitsubishi MITSUBISHI MINICAB GEN_OTHER,12.858490472987986,1,25.85712337335437,3,101.08988242183479,Mitsubishi,12.998632900366383
Honda CB350 & CL350 GEN_OTHER,12.718032236931005,1,32.55118107237281,3,155.9451058619722,Honda,19.833148835441808
Nissan R33 SKYLINE GEN_OTHER,12.683837585685936,1,32.31126291687883,3,154.7435876452959,Nissan,19.627425331192896
Ford TAURUS RACE CAR GEN_UNKNOWN,12.530590174826322,1,67.49616678878911,1,438.65113970758864,Ford,54.96557661396279
Parts and Automobilia PARTS AND AUTOMOBILIA – PEDAL CARS GEN_UNKNOWN,11.856685499509213,3,21.71122083966727,3,83.11374490422276,Parts and Automobilia,9.854535340158057
Suzuki SUZUKI GS GEN_OTHER,11.691247244307629,1,29.604897881945785,3,153.22275086056507,Suzuki,17.913650637638156
Porsche CARRERA GT GEN_UNKNOWN,11.526625331916323,1,34.7502675052971,1,200.0,Porsche,23.22364217338078
Parts and Automobilia PARTS AND AUTOMOBILIA – WHEELS: OTHER GEN_UNKNOWN,11.351731521685767,3,25.107943299747273,5,121.18161667039378,Parts and Automobilia,13.756211778061505
Suzuki SUZUKI OTHER MOTORCYCLES GEN_OTHER,11.021214591496317,2,19.966909857320367,1,81.16796194791739,Suzuki,8.94569526582405
Suzuki SUZUKI OTHER MOTORCYCLES GEN_OTHER,11.021214591496317,2,6.354472880250771,1,-42.343261466356736,Suzuki,-4.666741711245546
"Vespa VESPA P, SUPER, & PRIMAVERA GEN_OTHER",10.760584350099395,1,26.17617952028508,2,143.25983300380236,Vespa,15.415595170185684
Triumph TRIUMPH TIGER GEN_OTHER,10.194449910642103,1,7.528829717944601,1,-26.14775898712132,Triumph,-2.665620192697502
Yamaha YAMAHA XS GEN_OTHER,10.083158804079538,2,13.512470326715766,3,34.010289724374516,Yamaha,3.429311522636228
Triumph TR6 GEN_OTHER,9.919395241065168,1,16.401415160794684,1,65.34692652324904,Triumph,6.482019919729517
Fiat FIAT 1100 GEN_OTHER,8.744710577126295,1,20.54916117572476,1,134.98960879820984,Fiat,11.804450598598464
Daihatsu DAIHATSU HIJET GEN_OTHER,8.079415537191153,1,38.393403938111675,5,200.0,Daihatsu,30.313988400920522
Daihatsu DAIHATSU HIJET GEN_OTHER,8.079415537191153,1,25.965594574040615,3,200.0,Daihatsu,17.886179036849462
